Date,ADA
1/10/17,0.024969
2/10/17,0.025931999
3/10/17,0.020816
4/10/17,0.021931
5/10/17,0.021489
6/10/17,0.018539
7/10/17,0.020941
8/10/17,0.020477001
9/10/17,0.022113999
10/10/17,0.021531001
11/10/17,0.02252
12/10/17,0.026252
13/10/17,0.033640999
14/10/17,0.032465
15/10/17,0.030049
16/10/17,0.028948
17/10/17,0.027217001
18/10/17,0.026691001
19/10/17,0.027031999
20/10/17,0.03063
21/10/17,0.028436
22/10/17,0.027729001
23/10/17,0.025454
24/10/17,0.027193001
25/10/17,0.027527001
26/10/17,0.027132001
27/10/17,0.026381999
28/10/17,0.025866
29/10/17,0.028607
30/10/17,0.028582999
31/10/17,0.030437
1/11/17,0.022986
2/11/17,0.021306001
3/11/17,0.022628
4/11/17,0.022022
5/11/17,0.020634999
6/11/17,0.021880999
7/11/17,0.022195
8/11/17,0.025186
9/11/17,0.032053001
10/11/17,0.027119
11/11/17,0.027437
12/11/17,0.023977
13/11/17,0.025807999
14/11/17,0.02623
15/11/17,0.026445
16/11/17,0.02758
17/11/17,0.025773
18/11/17,0.026369
19/11/17,0.028084001
20/11/17,0.029580999
21/11/17,0.02833
22/11/17,0.028549001
23/11/17,0.027443999
24/11/17,0.028382
25/11/17,0.030447001
26/11/17,0.036332
27/11/17,0.050593
28/11/17,0.119744003
29/11/17,0.089717999
30/11/17,0.119883001
1/12/17,0.131352007
2/12/17,0.132350996
3/12/17,0.131806999
4/12/17,0.135869995
5/12/17,0.127488002
6/12/17,0.117839001
7/12/17,0.105501004
8/12/17,0.115465
9/12/17,0.119608998
10/12/17,0.110280998
11/12/17,0.121382996
12/12/17,0.133891001
13/12/17,0.134280995
14/12/17,0.240752995
15/12/17,0.213467002
16/12/17,0.404664993
17/12/17,0.513010979
18/12/17,0.518198013
19/12/17,0.531273007
20/12/17,0.48615101
21/12/17,0.477851003
22/12/17,0.40715
23/12/17,0.414027005
24/12/17,0.390029013
25/12/17,0.416363001
26/12/17,0.428465009
27/12/17,0.414175987
28/12/17,0.407700986
29/12/17,0.529299021
30/12/17,0.639243007
31/12/17,0.719694972
1/1/18,0.728657007
2/1/18,0.782586992
3/1/18,1.079660058
4/1/18,1.114120007
5/1/18,0.999558985
6/1/18,1.027150035
7/1/18,1.008520007
8/1/18,0.899002016
9/1/18,0.814742982
10/1/18,0.79312098
11/1/18,0.688412011
12/1/18,0.897508025
13/1/18,0.884123981
14/1/18,0.802262008
15/1/18,0.778586984
16/1/18,0.626492977
17/1/18,0.629101992
18/1/18,0.659843028
19/1/18,0.650497973
20/1/18,0.707509995
21/1/18,0.613162994
22/1/18,0.570457995
23/1/18,0.563069999
24/1/18,0.622207999
25/1/18,0.637494981
26/1/18,0.623381972
27/1/18,0.616832972
28/1/18,0.670286
29/1/18,0.623203993
30/1/18,0.531912982
31/1/18,0.519315004
1/2/18,0.421671987
2/2/18,0.390534014
3/2/18,0.438836008
4/2/18,0.379303008
5/2/18,0.327371001
6/2/18,0.369753003
7/2/18,0.340447009
8/2/18,0.356584013
9/2/18,0.39160201
10/2/18,0.405871987
11/2/18,0.369769007
12/2/18,0.384315014
13/2/18,0.373313993
14/2/18,0.396907985
15/2/18,0.409368008
16/2/18,0.403809994
17/2/18,0.419883013
18/2/18,0.385618001
19/2/18,0.391472012
20/2/18,0.378778994
21/2/18,0.364441007
22/2/18,0.337870985
23/2/18,0.345257998
24/2/18,0.322966009
25/2/18,0.344033003
26/2/18,0.338335007
27/2/18,0.335536003
28/2/18,0.312581003
1/3/18,0.304396987
2/3/18,0.293504
3/3/18,0.297105998
4/3/18,0.300787002
5/3/18,0.297621995
6/3/18,0.285356998
7/3/18,0.247281
8/3/18,0.221743003
9/3/18,0.222206995
10/3/18,0.209873006
11/3/18,0.223498002
12/3/18,0.223721996
13/3/18,0.223026007
14/3/18,0.199561998
15/3/18,0.185709
16/3/18,0.178877994
17/3/18,0.154762998
18/3/18,0.156155005
19/3/18,0.197648004
20/3/18,0.204946995
21/3/18,0.213189006
22/3/18,0.203481004
23/3/18,0.189258993
24/3/18,0.189200997
25/3/18,0.184605002
26/3/18,0.167806
27/3/18,0.154926002
28/3/18,0.160058007
29/3/18,0.146881998
30/3/18,0.147209004
31/3/18,0.155919001
1/4/18,0.150767997
2/4/18,0.156385005
3/4/18,0.172446996
4/4/18,0.155356005
5/4/18,0.148757994
6/4/18,0.144451007
7/4/18,0.148793995
8/4/18,0.156599
9/4/18,0.153106004
10/4/18,0.156347007
11/4/18,0.166029006
12/4/18,0.212233007
13/4/18,0.200532004
14/4/18,0.200853005
15/4/18,0.221389994
16/4/18,0.256646007
17/4/18,0.243724003
18/4/18,0.260340989
19/4/18,0.272358
20/4/18,0.301247001
21/4/18,0.290580004
22/4/18,0.285535008
23/4/18,0.28847301
24/4/18,0.312875003
25/4/18,0.27165401
26/4/18,0.294295013
27/4/18,0.288489014
28/4/18,0.357874006
29/4/18,0.365056992
30/4/18,0.343317986
1/5/18,0.358693004
2/5/18,0.372420013
3/5/18,0.369709015
4/5/18,0.360181987
5/5/18,0.366338015
6/5/18,0.350021005
7/5/18,0.335175991
8/5/18,0.328352004
9/5/18,0.323592991
10/5/18,0.29708901
11/5/18,0.260127008
12/5/18,0.270931989
13/5/18,0.285890013
14/5/18,0.273434013
15/5/18,0.260154992
16/5/18,0.256375015
17/5/18,0.243663996
18/5/18,0.245544001
19/5/18,0.243270993
20/5/18,0.256136
21/5/18,0.248840004
22/5/18,0.224408001
23/5/18,0.202873006
24/5/18,0.208988994
25/5/18,0.200654998
26/5/18,0.196566999
27/5/18,0.193556994
28/5/18,0.174783006
29/5/18,0.203189999
30/5/18,0.211143002
31/5/18,0.225214005
1/6/18,0.222507
2/6/18,0.227742001
3/6/18,0.228154004
4/6/18,0.214011997
5/6/18,0.220467001
6/6/18,0.215720996
7/6/18,0.211118996
8/6/18,0.205357999
9/6/18,0.202090994
10/6/18,0.176868007
11/6/18,0.181280002
12/6/18,0.166584998
13/6/18,0.160408005
14/6/18,0.172374994
15/6/18,0.162746996
16/6/18,0.162962005
17/6/18,0.161379993
18/6/18,0.164116994
19/6/18,0.167184994
20/6/18,0.161984995
21/6/18,0.158555999
22/6/18,0.139838994
23/6/18,0.137868002
24/6/18,0.132703006
25/6/18,0.135269001
26/6/18,0.126099005
27/6/18,0.127443999
28/6/18,0.119319998
29/6/18,0.125719994
30/6/18,0.137670994
1/7/18,0.142207995
2/7/18,0.158278003
3/7/18,0.150655001
4/7/18,0.150959998
5/7/18,0.148920998
6/7/18,0.146083996
7/7/18,0.150372997
8/7/18,0.145389006
9/7/18,0.139971003
10/7/18,0.128792003
11/7/18,0.131483003
12/7/18,0.127180994
13/7/18,0.137887001
14/7/18,0.137091994
15/7/18,0.142261997
16/7/18,0.156118006
17/7/18,0.170864999
18/7/18,0.179378003
19/7/18,0.180868998
20/7/18,0.162175
21/7/18,0.163636997
22/7/18,0.170276999
23/7/18,0.164028004
24/7/18,0.173171997
25/7/18,0.172730997
26/7/18,0.164765
27/7/18,0.165539995
28/7/18,0.163379997
29/7/18,0.163313001
30/7/18,0.154087007
31/7/18,0.143297002
1/8/18,0.140900999
2/8/18,0.131941006
3/8/18,0.130254999
4/8/18,0.127546996
5/8/18,0.131721005
6/8/18,0.130553007
7/8/18,0.125377998
8/8/18,0.113752
9/8/18,0.123507001
10/8/18,0.116355002
11/8/18,0.112438999
12/8/18,0.112970002
13/8/18,0.102909997
14/8/18,0.094662003
15/8/18,0.095040001
16/8/18,0.095330998
17/8/18,0.109886996
18/8/18,0.099785
19/8/18,0.102436997
20/8/18,0.093764
21/8/18,0.095003001
22/8/18,0.090149
23/8/18,0.092453003
24/8/18,0.094076999
25/8/18,0.094282001
26/8/18,0.093337998
27/8/18,0.100263998
28/8/18,0.10548
29/8/18,0.105469003
30/8/18,0.100560002
31/8/18,0.102196001
1/9/18,0.106826998
2/9/18,0.104432002
3/9/18,0.103606999
4/9/18,0.105264999
5/9/18,0.087568998
6/9/18,0.088665999
7/9/18,0.083982997
8/9/18,0.078235
9/9/18,0.076642998
10/9/18,0.073508002
11/9/18,0.070513003
12/9/18,0.066744998
13/9/18,0.069829002
14/9/18,0.068248004
15/9/18,0.069321997
16/9/18,0.069963001
17/9/18,0.063899003
18/9/18,0.069430001
19/9/18,0.072350003
20/9/18,0.081492998
21/9/18,0.087605998
22/9/18,0.083192997
23/9/18,0.089754
24/9/18,0.082754001
25/9/18,0.081028
26/9/18,0.079475999
27/9/18,0.086001001
28/9/18,0.084031999
29/9/18,0.084605999
30/9/18,0.085194997
1/10/18,0.084468998
2/10/18,0.082525
3/10/18,0.080789
4/10/18,0.081303999
5/10/18,0.082990997
6/10/18,0.081303
7/10/18,0.084657997
8/10/18,0.086607002
9/10/18,0.086356997
10/10/18,0.084679
11/10/18,0.070938997
12/10/18,0.073214002
13/10/18,0.073103003
14/10/18,0.071292996
15/10/18,0.074789003
16/10/18,0.075814001
17/10/18,0.077408001
18/10/18,0.075130999
19/10/18,0.075836003
20/10/18,0.076342002
21/10/18,0.075873002
22/10/18,0.075776003
23/10/18,0.074743003
24/10/18,0.074321002
25/10/18,0.073858999
26/10/18,0.073712997
27/10/18,0.072885998
28/10/18,0.073165998
29/10/18,0.069627002
30/10/18,0.069646999
31/10/18,0.069705002
1/11/18,0.070867002
2/11/18,0.072584003
3/11/18,0.071479
4/11/18,0.076228999
5/11/18,0.076148003
6/11/18,0.080952004
7/11/18,0.078543998
8/11/18,0.076493002
9/11/18,0.074225999
10/11/18,0.075221002
11/11/18,0.076481
12/11/18,0.076001003
13/11/18,0.073602997
14/11/18,0.064824
15/11/18,0.063542999
16/11/18,0.061151002
17/11/18,0.060674999
18/11/18,0.061916001
19/11/18,0.052581999
20/11/18,0.044776998
21/11/18,0.04778
22/11/18,0.044255
23/11/18,0.043412
24/11/18,0.038458001
25/11/18,0.037725002
26/11/18,0.035806
27/11/18,0.036460999
28/11/18,0.042020999
29/11/18,0.041866001
30/11/18,0.038915999
1/12/18,0.041467998
2/12/18,0.041671999
3/12/18,0.038671002
4/12/18,0.037698999
5/12/18,0.034251001
6/12/18,0.030797999
7/12/18,0.029864
8/12/18,0.030678
9/12/18,0.031693
10/12/18,0.030203
11/12/18,0.029550999
12/12/18,0.030609
13/12/18,0.02919
14/12/18,0.028357999
15/12/18,0.028274
16/12/18,0.029103
17/12/18,0.032823998
18/12/18,0.034735002
19/12/18,0.034545001
20/12/18,0.039400999
21/12/18,0.040796001
22/12/18,0.042009
23/12/18,0.044229999
24/12/18,0.045715999
25/12/18,0.041510999
26/12/18,0.041198
27/12/18,0.036943998
28/12/18,0.041862
29/12/18,0.041508
30/12/18,0.043280002
31/12/18,0.041063
1/1/19,0.042546999
2/1/19,0.045258
3/1/19,0.042682
4/1/19,0.043811999
5/1/19,0.044700999
6/1/19,0.049261
7/1/19,0.047995999
8/1/19,0.048525002
9/1/19,0.052168999
10/1/19,0.044528998
11/1/19,0.044147
12/1/19,0.043703999
13/1/19,0.040240999
14/1/19,0.044059001
15/1/19,0.04281
16/1/19,0.044776998
17/1/19,0.045318
18/1/19,0.044316001
19/1/19,0.04575
20/1/19,0.043476999
21/1/19,0.042936999
22/1/19,0.043577999
23/1/19,0.0429
24/1/19,0.043026999
25/1/19,0.042691
26/1/19,0.042649001
27/1/19,0.041168001
28/1/19,0.038772002
29/1/19,0.038251001
30/1/19,0.039655998
31/1/19,0.038373999
1/2/19,0.038678002
2/2/19,0.039317001
3/2/19,0.038029
4/2/19,0.037857
5/2/19,0.037896
6/2/19,0.036663
7/2/19,0.036396001
8/2/19,0.040750999
9/2/19,0.041058
10/2/19,0.042830002
11/2/19,0.041733
12/2/19,0.041751001
13/2/19,0.041118
14/2/19,0.040539999
15/2/19,0.040600002
16/2/19,0.041026
17/2/19,0.041452002
18/2/19,0.045605
19/2/19,0.046158001
20/2/19,0.047550999
21/2/19,0.044969
22/2/19,0.046163
23/2/19,0.048593
24/2/19,0.042456001
25/2/19,0.044043001
26/2/19,0.043304
27/2/19,0.043269999
28/2/19,0.043122999
1/3/19,0.043279
2/3/19,0.042838
3/3/19,0.042312
4/3/19,0.040601999
5/3/19,0.043212
6/3/19,0.042842999
7/3/19,0.042943999
8/3/19,0.042663999
9/3/19,0.046728
10/3/19,0.045697998
11/3/19,0.047633
12/3/19,0.047396999
13/3/19,0.04659
14/3/19,0.048055001
15/3/19,0.050076999
16/3/19,0.051621001
17/3/19,0.050207
18/3/19,0.050452001
19/3/19,0.052593999
20/3/19,0.053890999
21/3/19,0.052900001
22/3/19,0.058061998
23/3/19,0.063781001
24/3/19,0.061703999
25/3/19,0.059025001
26/3/19,0.062369999
27/3/19,0.067594998
28/3/19,0.065828003
29/3/19,0.071289003
30/3/19,0.071739003
31/3/19,0.069746003
1/4/19,0.072329998
2/4/19,0.085467003
3/4/19,0.090723
4/4/19,0.087370001
5/4/19,0.091225997
6/4/19,0.090288997
7/4/19,0.090484001
8/4/19,0.087008998
9/4/19,0.083749004
10/4/19,0.089964002
11/4/19,0.083384998
12/4/19,0.083462998
13/4/19,0.083731003
14/4/19,0.084642999
15/4/19,0.082307003
16/4/19,0.083783001
17/4/19,0.083074003
18/4/19,0.081775002
19/4/19,0.079499997
20/4/19,0.076505996
21/4/19,0.074106
22/4/19,0.078039996
23/4/19,0.074524
24/4/19,0.072645001
25/4/19,0.069243997
26/4/19,0.069219001
27/4/19,0.070196003
28/4/19,0.068590999
29/4/19,0.064631
30/4/19,0.070345998
1/5/19,0.069013998
2/5/19,0.068579003
3/5/19,0.069858
4/5/19,0.066880003
5/5/19,0.066146001
6/5/19,0.066780001
7/5/19,0.064035997
8/5/19,0.064606003
9/5/19,0.061691001
10/5/19,0.063428
11/5/19,0.075171001
12/5/19,0.070086002
13/5/19,0.073072001
14/5/19,0.084504999
15/5/19,0.093951002
16/5/19,0.088160999
17/5/19,0.08326
18/5/19,0.079103999
19/5/19,0.086995997
20/5/19,0.084848002
21/5/19,0.084616996
22/5/19,0.077955
23/5/19,0.080689996
24/5/19,0.080868997
25/5/19,0.080502003
26/5/19,0.086014003
27/5/19,0.091695003
28/5/19,0.092814997
29/5/19,0.090866998
30/5/19,0.084509999
31/5/19,0.089441001
1/6/19,0.090533003
2/6/19,0.096578002
3/6/19,0.088707998
4/6/19,0.082486004
5/6/19,0.083438002
6/6/19,0.083471999
7/6/19,0.085807003
8/6/19,0.084213004
9/6/19,0.079470001
10/6/19,0.085537001
11/6/19,0.087964997
12/6/19,0.096524999
13/6/19,0.089739002
14/6/19,0.090618998
15/6/19,0.091683
16/6/19,0.092321001
17/6/19,0.093557
18/6/19,0.089148
19/6/19,0.089979
20/6/19,0.087384999
21/6/19,0.089561999
22/6/19,0.094366997
23/6/19,0.096643999
24/6/19,0.097718999
25/6/19,0.096357003
26/6/19,0.096819997
27/6/19,0.086448997
28/6/19,0.089295
29/6/19,0.090421997
30/6/19,0.082098
1/7/19,0.083821997
2/7/19,0.081077002
3/7/19,0.082998
4/7/19,0.077774003
5/7/19,0.076531999
6/7/19,0.077335
7/7/19,0.079963997
8/7/19,0.080476001
9/7/19,0.077992998
10/7/19,0.071939997
11/7/19,0.065199003
12/7/19,0.069753997
13/7/19,0.066770002
14/7/19,0.059429001
15/7/19,0.059537001
16/7/19,0.052051999
17/7/19,0.055238999
18/7/19,0.058772001
19/7/19,0.059787001
20/7/19,0.062958002
21/7/19,0.061202999
22/7/19,0.059466001
23/7/19,0.055812001
24/7/19,0.059046
25/7/19,0.058664002
26/7/19,0.062884003
27/7/19,0.059870999
28/7/19,0.059473999
29/7/19,0.060392998
30/7/19,0.059944
31/7/19,0.060152002
1/8/19,0.058871999
2/8/19,0.057411999
3/8/19,0.057762999
4/8/19,0.056271002
5/8/19,0.056680001
6/8/19,0.053369001
7/8/19,0.051906001
8/8/19,0.051970001
9/8/19,0.047641002
10/8/19,0.051980998
11/8/19,0.054981001
12/8/19,0.052937999
13/8/19,0.052561
14/8/19,0.046999998
15/8/19,0.047518998
16/8/19,0.046840999
17/8/19,0.047393002
18/8/19,0.050731
19/8/19,0.050298002
20/8/19,0.049194999
21/8/19,0.047113001
22/8/19,0.04941
23/8/19,0.049789999
24/8/19,0.050177
25/8/19,0.049439002
26/8/19,0.049697001
27/8/19,0.049839001
28/8/19,0.045825001
29/8/19,0.044697002
30/8/19,0.044824999
31/8/19,0.044989999
1/9/19,0.044543002
2/9/19,0.045361999
3/9/19,0.046771001
4/9/19,0.045517001
5/9/19,0.044436999
6/9/19,0.044415001
7/9/19,0.046197999
8/9/19,0.046719
9/9/19,0.046930999
10/9/19,0.04651
11/9/19,0.044989999
12/9/19,0.045451999
13/9/19,0.045752998
14/9/19,0.046523999
15/9/19,0.046799
16/9/19,0.047070999
17/9/19,0.049008001
18/9/19,0.053291999
19/9/19,0.052503999
20/9/19,0.052340001
21/9/19,0.051922001
22/9/19,0.049111001
23/9/19,0.046264
24/9/19,0.037572999
25/9/19,0.039395999
26/9/19,0.038229
27/9/19,0.039531998
28/9/19,0.038826998
29/9/19,0.037486002
30/9/19,0.038885001
1/10/19,0.038507
2/10/19,0.039445002
3/10/19,0.038361002
4/10/19,0.039666999
5/10/19,0.039730001
6/10/19,0.039324
7/10/19,0.041671999
8/10/19,0.041441001
9/10/19,0.042629
10/10/19,0.041661002
11/10/19,0.040623002
12/10/19,0.040541999
13/10/19,0.041324999
14/10/19,0.041788999
15/10/19,0.039765999
16/10/19,0.038741
17/10/19,0.039524
18/10/19,0.038073
19/10/19,0.039225001
20/10/19,0.039528999
21/10/19,0.039280001
22/10/19,0.038816001
23/10/19,0.036409002
24/10/19,0.037684999
25/10/19,0.041246001
26/10/19,0.040546998
27/10/19,0.042335
28/10/19,0.042362999
29/10/19,0.043444
30/10/19,0.041967001
31/10/19,0.041636001
1/11/19,0.042344999
2/11/19,0.042599
3/11/19,0.041930001
4/11/19,0.043235999
5/11/19,0.044328
6/11/19,0.044955999
7/11/19,0.043637
8/11/19,0.042296998
9/11/19,0.042445
10/11/19,0.043958001
11/11/19,0.043194
12/11/19,0.043767001
13/11/19,0.043492001
14/11/19,0.043118998
15/11/19,0.043974001
16/11/19,0.044172
17/11/19,0.045421001
18/11/19,0.043802001
19/11/19,0.042541999
20/11/19,0.041177999
21/11/19,0.038406
22/11/19,0.037147999
23/11/19,0.038343001
24/11/19,0.035588
25/11/19,0.036047999
26/11/19,0.036993001
27/11/19,0.039049
28/11/19,0.039190002
29/11/19,0.041423
30/11/19,0.040424999
1/12/19,0.039586999
2/12/19,0.038056001
3/12/19,0.037916999
4/12/19,0.037404999
5/12/19,0.037870999
6/12/19,0.038316999
7/12/19,0.038757
8/12/19,0.038947999
9/12/19,0.037482999
10/12/19,0.036605999
11/12/19,0.036655001
12/12/19,0.036722999
13/12/19,0.037108
14/12/19,0.036426999
15/12/19,0.036653001
16/12/19,0.034269001
17/12/19,0.031800002
18/12/19,0.034462001
19/12/19,0.033250999
20/12/19,0.034003999
21/12/19,0.033261999
22/12/19,0.034465998
23/12/19,0.033199999
24/12/19,0.034162
25/12/19,0.033728
26/12/19,0.034281
27/12/19,0.033100002
28/12/19,0.033631999
29/12/19,0.034283999
30/12/19,0.033594001
31/12/19,0.032845002
1/1/20,0.033457998
2/1/20,0.032751001
3/1/20,0.03418
4/1/20,0.034595001
5/1/20,0.034720998
6/1/20,0.037271999
7/1/20,0.037046999
8/1/20,0.036435001
9/1/20,0.036359001
10/1/20,0.036874
11/1/20,0.036825001
12/1/20,0.037689999
13/1/20,0.036966
14/1/20,0.04166
15/1/20,0.042553
16/1/20,0.041391
17/1/20,0.044978
18/1/20,0.044851001
19/1/20,0.041979
20/1/20,0.043873001
21/1/20,0.045988999
22/1/20,0.045653999
23/1/20,0.043334
24/1/20,0.045003999
25/1/20,0.043248001
26/1/20,0.044581
27/1/20,0.047912002
28/1/20,0.052857
29/1/20,0.053514
30/1/20,0.05607
31/1/20,0.053792998
1/2/20,0.056092001
2/2/20,0.055768002
3/2/20,0.056979001
4/2/20,0.055996001
5/2/20,0.059230998
6/2/20,0.059757002
7/2/20,0.05979
8/2/20,0.059944
9/2/20,0.061809
10/2/20,0.060394
11/2/20,0.063228004
12/2/20,0.068373002
13/2/20,0.068581
14/2/20,0.070579998
15/2/20,0.063863002
16/2/20,0.062654004
17/2/20,0.060042001
18/2/20,0.062596999
19/2/20,0.057645001
20/2/20,0.058260001
21/2/20,0.058639999
22/2/20,0.058336001
23/2/20,0.06151
24/2/20,0.058959998
25/2/20,0.056364
26/2/20,0.049453001
27/2/20,0.049685001
28/2/20,0.048616
29/2/20,0.047541
1/3/20,0.045931999
2/3/20,0.048953
3/3/20,0.048760999
4/3/20,0.049004
5/3/20,0.051057
6/3/20,0.051447999
7/3/20,0.048944999
8/3/20,0.043290999
9/3/20,0.041482002
10/3/20,0.041494999
11/3/20,0.039648999
12/3/20,0.023961
13/3/20,0.028437
14/3/20,0.026009001
15/3/20,0.02712
16/3/20,0.024121
17/3/20,0.025242999
18/3/20,0.025335999
19/3/20,0.030451
20/3/20,0.029368
21/3/20,0.029414
22/3/20,0.027089
23/3/20,0.029082
24/3/20,0.030162999
25/3/20,0.029438
26/3/20,0.030727001
27/3/20,0.029301001
28/3/20,0.029771
29/3/20,0.028248999
30/3/20,0.029873
31/3/20,0.030553
1/4/20,0.030855
2/4/20,0.031984001
3/4/20,0.032295
4/4/20,0.032504998
5/4/20,0.032003
6/4/20,0.035615999
7/4/20,0.035137001
8/4/20,0.036313999
9/4/20,0.036198001
10/4/20,0.033215001
11/4/20,0.033353999
12/4/20,0.033806
13/4/20,0.033107001
14/4/20,0.032974001
15/4/20,0.031863
16/4/20,0.034407999
18/4/20,0.036552999
19/4/20,0.035815999
20/4/20,0.034177002
21/4/20,0.034699999
22/4/20,0.036559001
23/4/20,0.040605001
24/4/20,0.041868001
25/4/20,0.042408001
26/4/20,0.045878999
27/4/20,0.046601001
28/4/20,0.047194999
29/4/20,0.051695
30/4/20,0.047846001
1/5/20,0.051259998
2/5/20,0.051013999
3/5/20,0.048928998
4/5/20,0.049663998
5/5/20,0.049357999
6/5/20,0.049766999
7/5/20,0.051105998
8/5/20,0.052303001
9/5/20,0.051736001
10/5/20,0.047676999
11/5/20,0.048108
12/5/20,0.050421
13/5/20,0.051472001
14/5/20,0.050889999
15/5/20,0.050462998
16/5/20,0.050932001
17/5/20,0.051343001
18/5/20,0.054251999
19/5/20,0.056449
20/5/20,0.056875002
21/5/20,0.052246001
22/5/20,0.055833001
23/5/20,0.055321999
24/5/20,0.052641001
25/5/20,0.054010998
26/5/20,0.053429998
27/5/20,0.055183001
28/5/20,0.064558998
29/5/20,0.064659998
30/5/20,0.076958001
31/5/20,0.074352004
1/6/20,0.081168003
2/6/20,0.078455999
3/6/20,0.085438997
4/6/20,0.089000002
5/6/20,0.085441999
6/6/20,0.086025998
7/6/20,0.086654
8/6/20,0.086429998
9/6/20,0.083407
10/6/20,0.083531
11/6/20,0.07536
12/6/20,0.079553999
13/6/20,0.079028003
14/6/20,0.076747999
15/6/20,0.078387
16/6/20,0.079072997
17/6/20,0.083444998
18/6/20,0.082174003
19/6/20,0.079603001
20/6/20,0.079338998
21/6/20,0.078474998
22/6/20,0.083609998
23/6/20,0.082950003
24/6/20,0.082583003
25/6/20,0.081690997
26/6/20,0.080560997
27/6/20,0.077679001
28/6/20,0.080392003
29/6/20,0.083870001
30/6/20,0.083116002
1/7/20,0.095954001
2/7/20,0.094325997
3/7/20,0.096538
4/7/20,0.099951997
5/7/20,0.098210998
6/7/20,0.105221003
7/7/20,0.117554002
8/7/20,0.129907995
9/7/20,0.124293
10/7/20,0.118316002
11/7/20,0.125213996
12/7/20,0.126782998
13/7/20,0.124155998
14/7/20,0.131963
15/7/20,0.130368993
16/7/20,0.125921994
17/7/20,0.122486003
18/7/20,0.122477002
19/7/20,0.123712003
20/7/20,0.117923997
21/7/20,0.122965001
22/7/20,0.123921998
23/7/20,0.123773001
24/7/20,0.121887997
25/7/20,0.143577993
26/7/20,0.148108006
27/7/20,0.138770998
28/7/20,0.148598
29/7/20,0.139879003
30/7/20,0.140588
31/7/20,0.138797998
1/8/20,0.143573001
2/8/20,0.133505002
3/8/20,0.137335002
4/8/20,0.143018007
5/8/20,0.142694995
6/8/20,0.144048005
7/8/20,0.139155
8/8/20,0.145780995
9/8/20,0.145244002
10/8/20,0.143855006
11/8/20,0.137436002
12/8/20,0.137398005
13/8/20,0.141244993
14/8/20,0.138338
15/8/20,0.138302997
16/8/20,0.138471007
17/8/20,0.140919998
18/8/20,0.137427002
19/8/20,0.129274994
20/8/20,0.133642003
21/8/20,0.12376
22/8/20,0.125275999
23/8/20,0.121595003
24/8/20,0.124488004
25/8/20,0.113292001
26/8/20,0.115285002
27/8/20,0.106824003
28/8/20,0.109453
29/8/20,0.116711996
30/8/20,0.117436998
31/8/20,0.122688003
1/9/20,0.125411004
2/9/20,0.115612999
3/9/20,0.096153997
4/9/20,0.102444999
5/9/20,0.089923002
6/9/20,0.093060002
7/9/20,0.093332998
8/9/20,0.091011003
9/9/20,0.093349002
10/9/20,0.097156003
11/9/20,0.096988998
12/9/20,0.097598001
13/9/20,0.094856001
14/9/20,0.096768998
15/9/20,0.093496002
16/9/20,0.091650002
17/9/20,0.094217002
18/9/20,0.091081001
19/9/20,0.091656998
20/9/20,0.089432999
21/9/20,0.080427997
22/9/20,0.081753999
23/9/20,0.07683
24/9/20,0.082895003
25/9/20,0.096909001
26/9/20,0.095550001
27/9/20,0.101205997
28/9/20,0.100695997
29/9/20,0.101135999
30/9/20,0.101145998
1/10/20,0.097878002
2/10/20,0.092913002
3/10/20,0.093684003
4/10/20,0.096300997
5/10/20,0.097686999
6/10/20,0.092909001
7/10/20,0.093935996
8/10/20,0.096242003
10/10/20,0.105025001
11/10/20,0.106537998
14/10/20,0.107297003
15/10/20,0.106634997
16/10/20,0.104064003
17/10/20,0.106104001
18/10/20,0.107387997
19/10/20,0.108677
20/10/20,0.102494001
21/10/20,0.106187001
22/10/20,0.110572003
23/10/20,0.108083002
24/10/20,0.108075
25/10/20,0.106351003
26/10/20,0.103096999
27/10/20,0.102826998
28/10/20,0.098977
29/10/20,0.095376
30/10/20,0.093369
31/10/20,0.093056001
1/11/20,0.098196998
2/11/20,0.092142999
3/11/20,0.093433999
4/11/20,0.095369004
5/11/20,0.096993998
6/11/20,0.109104998
7/11/20,0.101379
8/11/20,0.106620997
9/11/20,0.105324998
10/11/20,0.105805002
11/11/20,0.105965003
12/11/20,0.104525
13/11/20,0.106390998
14/11/20,0.104202002
15/11/20,0.100530997
16/11/20,0.104007997
17/11/20,0.1096
18/11/20,0.106403001
19/11/20,0.105866
20/11/20,0.118225999
21/11/20,0.132945001
22/11/20,0.144759998
23/11/20,0.153510004
24/11/20,0.166323006
25/11/20,0.155162007
26/11/20,0.138281003
27/11/20,0.141028002
28/11/20,0.164791003
29/11/20,0.166639
30/11/20,0.171307996
1/12/20,0.155983001
2/12/20,0.158556998
3/12/20,0.164212003
4/12/20,0.148240998
5/12/20,0.159667999
6/12/20,0.158867002
7/12/20,0.154129997
8/12/20,0.140928
9/12/20,0.148165002
10/12/20,0.141993999
11/12/20,0.139449
12/12/20,0.144459993
13/12/20,0.153963998
14/12/20,0.157992005
15/12/20,0.154304996
16/12/20,0.167588994
17/12/20,0.163482994
18/12/20,0.164987996
19/12/20,0.164713994
20/12/20,0.161988005
21/12/20,0.152656004
22/12/20,0.156178996
23/12/20,0.136393994
24/12/20,0.152882993
25/12/20,0.157563999
26/12/20,0.157823995
27/12/20,0.154422
28/12/20,0.176734999
29/12/20,0.192164004
30/12/20,0.184039995
31/12/20,0.181397006
1/1/21,0.175349995
2/1/21,0.177423
3/1/21,0.204995006
4/1/21,0.224761993
5/1/21,0.258314013
6/1/21,0.331898004
7/1/21,0.299980015
8/1/21,0.305597007
9/1/21,0.332973003
10/1/21,0.304895014
11/1/21,0.275465995
12/1/21,0.287003011
13/1/21,0.313609004
14/1/21,0.310395986
15/1/21,0.302529991
16/1/21,0.352443993
17/1/21,0.379851997
18/1/21,0.371428013
19/1/21,0.369136989
20/1/21,0.375393987
21/1/21,0.310209006
22/1/21,0.34957701
23/1/21,0.345643014
24/1/21,0.353881001
25/1/21,0.343885988
26/1/21,0.34423399
27/1/21,0.313080013
28/1/21,0.333303005
29/1/21,0.348131001
30/1/21,0.362619013
31/1/21,0.344897985
1/2/21,0.402033001
2/2/21,0.426247001
3/2/21,0.441399992
4/2/21,0.441051006
5/2/21,0.537873983
6/2/21,0.627885997
7/2/21,0.663237989
8/2/21,0.682510972
9/2/21,0.703516006
10/2/21,0.930317998
11/2/21,0.927740991
12/2/21,0.925586998
13/2/21,0.905718982
14/2/21,0.848419011
15/2/21,0.861011982
16/2/21,0.870950997
17/2/21,0.890919983
18/2/21,0.914119005
19/2/21,0.927649021
20/2/21,1.122957945
21/2/21,1.100520015
22/2/21,1.099151015
23/2/21,0.954708993
24/2/21,1.051656961
25/2/21,1.079115987
26/2/21,1.24110496
27/2/21,1.324859977
28/2/21,1.308058977
1/3/21,1.292387962
2/3/21,1.225582004
3/3/21,1.216593027
4/3/21,1.114868045
5/3/21,1.168522954
6/3/21,1.131011963
7/3/21,1.133366942
8/3/21,1.118052959
9/3/21,1.195160985
10/3/21,1.135002971
11/3/21,1.124789953
12/3/21,1.039144039
13/3/21,1.103314042
14/3/21,1.059154034
15/3/21,1.033539057
16/3/21,1.242952943
17/3/21,1.378672957
18/3/21,1.239006042
19/3/21,1.302170038
20/3/21,1.206540942
21/3/21,1.189139962
22/3/21,1.10987401
23/3/21,1.121551991
24/3/21,1.075001955
25/3/21,1.101573944
26/3/21,1.213968992
27/3/21,1.176576972
28/3/21,1.191123962
29/3/21,1.202540994
30/3/21,1.213317037
31/3/21,1.193264008
1/4/21,1.189244032
2/4/21,1.196509004
3/4/21,1.17327702
4/4/21,1.191419959
5/4/21,1.214300036
6/4/21,1.255354047
7/4/21,1.175148964
8/4/21,1.219436049
9/4/21,1.203539968
10/4/21,1.218757987
11/4/21,1.266734958
12/4/21,1.316126943
13/4/21,1.41178596
14/4/21,1.455420017
15/4/21,1.481588006
16/4/21,1.416949034
17/4/21,1.384868979
18/4/21,1.275501013
19/4/21,1.197958946
20/4/21,1.26593399
21/4/21,1.206735015
22/4/21,1.147017002
23/4/21,1.155701995
24/4/21,1.101354957
25/4/21,1.088250041
26/4/21,1.234019041
27/4/21,1.306926966
28/4/21,1.335665941
29/4/21,1.308014035
30/4/21,1.352449059
1/5/21,1.353070974
2/5/21,1.326812029
3/5/21,1.362030029
4/5/21,1.274111032
5/5/21,1.475528955
6/5/21,1.650123954
7/5/21,1.653452992
8/5/21,1.619554043
9/5/21,1.770562053
10/5/21,1.644695997
11/5/21,1.764076948
12/5/21,1.552775025
13/5/21,1.933668017
14/5/21,2.004796028
15/5/21,2.174026966
16/5/21,2.309113026
17/5/21,2.032226086
18/5/21,2.003662109
19/5/21,1.482521057
20/5/21,1.810469031
21/5/21,1.552276969
22/5/21,1.463621974
23/5/21,1.325435996
24/5/21,1.549484968
25/5/21,1.55536902
26/5/21,1.782701969
27/5/21,1.645959973
28/5/21,1.511986971
29/5/21,1.406231999
30/5/21,1.577278972
31/5/21,1.742777944
1/6/21,1.734753013
2/6/21,1.752823949
3/6/21,1.840471029
4/6/21,1.710908055
5/6/21,1.65900898
6/6/21,1.678248048
7/6/21,1.564105988
8/6/21,1.588029981
9/6/21,1.624825954
10/6/21,1.531857014
11/6/21,1.436378002
12/6/21,1.48021996
13/6/21,1.558359027
14/6/21,1.575109959
15/6/21,1.597756028
16/6/21,1.482573032
17/6/21,1.482193947
18/6/21,1.415395975
19/6/21,1.390570045
20/6/21,1.429188013
21/6/21,1.177479982
22/6/21,1.153254032
23/6/21,1.252895951
24/6/21,1.356086969
25/6/21,1.256477952
26/6/21,1.250440001
27/6/21,1.335201979
28/6/21,1.324751973
29/6/21,1.368437052
30/6/21,1.383471966
1/7/21,1.335610986
2/7/21,1.39439702
3/7/21,1.406836033
4/7/21,1.458184004
5/7/21,1.404898047
6/7/21,1.418053031
7/7/21,1.403118014
8/7/21,1.330145955
9/7/21,1.349473953
10/7/21,1.336084962
11/7/21,1.348145008
12/7/21,1.315099001
13/7/21,1.265082955
14/7/21,1.262258053
15/7/21,1.223191977
16/7/21,1.173714995
17/7/21,1.172302008
18/7/21,1.183698058
19/7/21,1.121116042
20/7/21,1.056290984
21/7/21,1.168097973
22/7/21,1.186161041
23/7/21,1.206307054
24/7/21,1.233497024
25/7/21,1.228500962
26/7/21,1.258492947
27/7/21,1.278445959
28/7/21,1.283504009
29/7/21,1.284083962
30/7/21,1.308951974
31/7/21,1.322345018
1/8/21,1.31772995
2/8/21,1.310068011
3/8/21,1.365025997
4/8/21,1.376564026
5/8/21,1.386144996
6/8/21,1.40178597
7/8/21,1.470677018
8/8/21,1.427829981
9/8/21,1.477640033
10/8/21,1.672566056
11/8/21,1.798038006
12/8/21,1.82387805
13/8/21,2.136079073
14/8/21,2.191687107
15/8/21,2.169152975
16/8/21,2.07941699
17/8/21,1.926601052
18/8/21,2.108560085
19/8/21,2.428139925
20/8/21,2.457701921
21/8/21,2.435435057
22/8/21,2.71372509
23/8/21,2.917386055
24/8/21,2.721091032
25/8/21,2.738132
26/8/21,2.535527945
27/8/21,2.944196939
28/8/21,2.847490072
29/8/21,2.855986118
30/8/21,2.733160019
31/8/21,2.772475004
1/9/21,2.870767117
2/9/21,2.963438034
3/9/21,2.968239069
4/9/21,2.832807064
5/9/21,2.91082406
6/9/21,2.83189702
7/9/21,2.502490997
8/9/21,2.474988937
9/9/21,2.517666101
10/9/21,2.385910988
11/9/21,2.633949995
12/9/21,2.581727028
13/9/21,2.400662899
14/9/21,2.395637989
15/9/21,2.501635075
16/9/21,2.420969009
17/9/21,2.346419096
18/9/21,2.369977951
19/9/21,2.282299042
20/9/21,2.063988924
21/9/21,1.987028003
22/9/21,2.266181946
23/9/21,2.330940962
24/9/21,2.281269073
25/9/21,2.30154109
26/9/21,2.208494902
27/9/21,2.135905027
28/9/21,2.039139032
29/9/21,2.065687895
30/9/21,2.114451885