Date,Price
1/10/17,4403.740234
2/10/17,4409.319824
3/10/17,4317.47998
4/10/17,4229.359863
5/10/17,4328.410156
6/10/17,4370.810059
7/10/17,4426.890137
8/10/17,4610.47998
9/10/17,4772.02002
10/10/17,4781.990234
11/10/17,4826.47998
12/10/17,5446.910156
13/10/17,5647.209961
14/10/17,5831.790039
15/10/17,5678.189941
16/10/17,5725.589844
17/10/17,5605.509766
18/10/17,5590.689941
19/10/17,5708.52002
20/10/17,6011.450195
21/10/17,6031.600098
22/10/17,6008.419922
23/10/17,5930.319824
24/10/17,5526.640137
25/10/17,5750.799805
26/10/17,5904.830078
27/10/17,5780.899902
28/10/17,5753.089844
29/10/17,6153.850098
30/10/17,6130.529785
31/10/17,6468.399902
1/11/17,6767.310059
2/11/17,7078.5
3/11/17,7207.759766
4/11/17,7379.950195
5/11/17,7407.410156
6/11/17,7022.759766
7/11/17,7144.379883
8/11/17,7459.689941
9/11/17,7143.580078
10/11/17,6618.140137
11/11/17,6357.600098
12/11/17,5950.069824
13/11/17,6559.490234
14/11/17,6635.75
15/11/17,7315.540039
16/11/17,7871.689941
17/11/17,7708.990234
18/11/17,7790.149902
19/11/17,8036.490234
20/11/17,8200.639648
21/11/17,8071.259766
22/11/17,8253.549805
23/11/17,8038.77002
24/11/17,8253.69043
25/11/17,8790.919922
26/11/17,9330.549805
27/11/17,9818.349609
28/11/17,10058.7998
29/11/17,9888.610352
30/11/17,10233.59961
1/12/17,10975.59961
2/12/17,11074.59961
3/12/17,11323.2002
4/12/17,11657.2002
5/12/17,11916.7002
6/12/17,14291.5
7/12/17,17899.69922
8/12/17,16569.40039
9/12/17,15178.2002
10/12/17,15455.40039
11/12/17,16936.80078
12/12/17,17415.40039
13/12/17,16408.19922
14/12/17,16564
15/12/17,17706.90039
16/12/17,19497.40039
17/12/17,19140.80078
18/12/17,19114.19922
19/12/17,17776.69922
20/12/17,16624.59961
21/12/17,15802.90039
22/12/17,13831.7998
23/12/17,14699.2002
24/12/17,13925.7998
25/12/17,14026.59961
26/12/17,16099.7998
27/12/17,15838.5
28/12/17,14606.5
29/12/17,14656.2002
30/12/17,12952.2002
31/12/17,14156.40039
1/1/18,13657.2002
2/1/18,14982.09961
3/1/18,15201
4/1/18,15599.2002
5/1/18,17429.5
6/1/18,17527
7/1/18,16477.59961
8/1/18,15170.09961
9/1/18,14595.40039
10/1/18,14973.2998
11/1/18,13405.7998
12/1/18,13980.59961
13/1/18,14360.2002
14/1/18,13772
15/1/18,13819.7998
16/1/18,11490.5
17/1/18,11188.59961
18/1/18,11474.90039
19/1/18,11607.40039
20/1/18,12899.2002
21/1/18,11600.09961
22/1/18,10931.40039
23/1/18,10868.40039
24/1/18,11359.40039
25/1/18,11259.40039
26/1/18,11171.40039
27/1/18,11440.7002
28/1/18,11786.2998
29/1/18,11296.40039
30/1/18,10106.2998
31/1/18,10221.09961
1/2/18,9170.540039
2/2/18,8830.75
3/2/18,9174.910156
4/2/18,8277.009766
5/2/18,6955.27002
6/2/18,7754
7/2/18,7621.299805
8/2/18,8265.589844
9/2/18,8736.980469
10/2/18,8621.900391
11/2/18,8129.970215
12/2/18,8926.570313
13/2/18,8598.30957
14/2/18,9494.629883
15/2/18,10166.40039
16/2/18,10233.90039
17/2/18,11112.7002
18/2/18,10551.7998
19/2/18,11225.2998
20/2/18,11403.7002
21/2/18,10690.40039
22/2/18,10005
23/2/18,10301.09961
24/2/18,9813.070313
25/2/18,9664.730469
26/2/18,10366.7002
27/2/18,10725.59961
28/2/18,10397.90039
1/3/18,10951
2/3/18,11086.40039
3/3/18,11489.7002
4/3/18,11512.59961
5/3/18,11573.2998
6/3/18,10779.90039
7/3/18,9965.570313
8/3/18,9395.009766
9/3/18,9337.549805
10/3/18,8866
11/3/18,9578.629883
12/3/18,9205.120117
13/3/18,9194.849609
14/3/18,8269.80957
15/3/18,8300.860352
16/3/18,8338.349609
17/3/18,7916.879883
18/3/18,8223.679688
19/3/18,8630.650391
20/3/18,8913.469727
21/3/18,8929.280273
22/3/18,8728.469727
23/3/18,8879.620117
24/3/18,8668.120117
25/3/18,8495.780273
26/3/18,8209.400391
27/3/18,7833.040039
28/3/18,7954.47998
29/3/18,7165.700195
30/3/18,6890.52002
31/3/18,6973.529785
1/4/18,6844.22998
2/4/18,7083.799805
3/4/18,7456.109863
4/4/18,6853.839844
5/4/18,6811.470215
6/4/18,6636.319824
7/4/18,6911.089844
8/4/18,7023.52002
9/4/18,6770.72998
10/4/18,6834.759766
11/4/18,6968.319824
12/4/18,7889.25
13/4/18,7895.959961
14/4/18,7986.240234
15/4/18,8329.110352
16/4/18,8058.669922
17/4/18,7902.089844
18/4/18,8163.419922
19/4/18,8294.30957
20/4/18,8845.830078
21/4/18,8895.580078
22/4/18,8802.459961
23/4/18,8930.879883
24/4/18,9697.5
25/4/18,8845.740234
26/4/18,9281.509766
27/4/18,8987.049805
28/4/18,9348.480469
29/4/18,9419.080078
30/4/18,9240.549805
1/5/18,9119.009766
2/5/18,9235.919922
3/5/18,9743.860352
4/5/18,9700.759766
5/5/18,9858.150391
6/5/18,9654.799805
7/5/18,9373.009766
8/5/18,9234.820313
9/5/18,9325.179688
10/5/18,9043.94043
11/5/18,8441.490234
12/5/18,8504.889648
13/5/18,8723.94043
14/5/18,8716.790039
15/5/18,8510.379883
16/5/18,8368.830078
17/5/18,8094.319824
18/5/18,8250.969727
19/5/18,8247.179688
20/5/18,8513.25
21/5/18,8418.990234
22/5/18,8041.779785
23/5/18,7557.819824
24/5/18,7587.339844
25/5/18,7480.140137
26/5/18,7355.879883
27/5/18,7368.220215
28/5/18,7135.990234
29/5/18,7472.589844
30/5/18,7406.52002
31/5/18,7494.169922
1/6/18,7541.450195
2/6/18,7643.450195
3/6/18,7720.25
4/6/18,7514.470215
5/6/18,7633.759766
6/6/18,7653.97998
7/6/18,7678.240234
8/6/18,7624.919922
9/6/18,7531.97998
10/6/18,6786.02002
11/6/18,6906.919922
12/6/18,6582.359863
13/6/18,6349.899902
14/6/18,6675.350098
15/6/18,6456.580078
16/6/18,6550.160156
17/6/18,6499.27002
18/6/18,6734.819824
19/6/18,6769.939941
20/6/18,6776.549805
21/6/18,6729.740234
22/6/18,6083.689941
23/6/18,6162.47998
24/6/18,6173.22998
25/6/18,6249.180176
26/6/18,6093.669922
27/6/18,6157.129883
28/6/18,5903.439941
29/6/18,6218.299805
30/6/18,6404
1/7/18,6385.819824
2/7/18,6614.180176
3/7/18,6529.589844
4/7/18,6597.549805
5/7/18,6639.140137
6/7/18,6673.5
7/7/18,6856.930176
8/7/18,6773.879883
9/7/18,6741.75
10/7/18,6329.950195
11/7/18,6394.709961
12/7/18,6228.810059
13/7/18,6238.049805
14/7/18,6276.120117
15/7/18,6359.640137
16/7/18,6741.75
17/7/18,7321.040039
18/7/18,7370.779785
19/7/18,7466.859863
20/7/18,7354.129883
21/7/18,7419.290039
22/7/18,7418.490234
23/7/18,7711.109863
24/7/18,8424.269531
25/7/18,8181.390137
26/7/18,7951.580078
27/7/18,8165.009766
28/7/18,8192.150391
29/7/18,8218.459961
30/7/18,8180.47998
31/7/18,7780.439941
1/8/18,7624.910156
2/8/18,7567.149902
3/8/18,7434.390137
4/8/18,7032.850098
5/8/18,7068.47998
6/8/18,6951.799805
7/8/18,6753.120117
8/8/18,6305.799805
9/8/18,6568.22998
10/8/18,6184.709961
11/8/18,6295.72998
12/8/18,6322.689941
13/8/18,6297.569824
14/8/18,6199.709961
15/8/18,6308.52002
16/8/18,6334.72998
17/8/18,6580.629883
18/8/18,6423.759766
19/8/18,6506.069824
20/8/18,6308.529785
21/8/18,6488.759766
22/8/18,6376.709961
23/8/18,6534.879883
24/8/18,6719.959961
25/8/18,6763.189941
26/8/18,6707.259766
27/8/18,6884.640137
28/8/18,7096.279785
29/8/18,7047.160156
30/8/18,6978.22998
31/8/18,7037.580078
1/9/18,7193.25
2/9/18,7272.720215
3/9/18,7260.060059
4/9/18,7361.660156
5/9/18,6792.830078
6/9/18,6529.169922
7/9/18,6467.069824
8/9/18,6225.97998
9/9/18,6300.859863
10/9/18,6329.700195
11/9/18,6321.200195
12/9/18,6351.799805
13/9/18,6517.310059
14/9/18,6512.709961
15/9/18,6543.200195
16/9/18,6517.180176
17/9/18,6281.200195
18/9/18,6371.299805
19/9/18,6398.540039
20/9/18,6519.669922
21/9/18,6734.950195
22/9/18,6721.97998
23/9/18,6710.629883
24/9/18,6595.410156
25/9/18,6446.470215
26/9/18,6495
27/9/18,6676.75
28/9/18,6644.129883
29/9/18,6601.959961
30/9/18,6625.560059
1/10/18,6589.620117
2/10/18,6556.100098
3/10/18,6502.589844
4/10/18,6576.689941
5/10/18,6622.47998
6/10/18,6588.310059
7/10/18,6602.950195
8/10/18,6652.22998
9/10/18,6642.640137
10/10/18,6585.529785
11/10/18,6256.240234
12/10/18,6274.580078
13/10/18,6285.990234
14/10/18,6290.930176
15/10/18,6596.540039
16/10/18,6596.109863
17/10/18,6544.430176
18/10/18,6476.709961
19/10/18,6465.410156
20/10/18,6489.189941
21/10/18,6482.350098
22/10/18,6487.160156
23/10/18,6475.740234
24/10/18,6495.839844
25/10/18,6476.290039
26/10/18,6474.75
27/10/18,6480.379883
28/10/18,6486.390137
29/10/18,6332.629883
30/10/18,6334.27002
31/10/18,6317.609863
1/11/18,6377.779785
2/11/18,6388.439941
3/11/18,6361.259766
4/11/18,6376.129883
5/11/18,6419.660156
6/11/18,6461.009766
7/11/18,6530.140137
8/11/18,6453.720215
9/11/18,6385.620117
10/11/18,6409.220215
11/11/18,6411.27002
12/11/18,6371.27002
13/11/18,6359.490234
14/11/18,5738.350098
15/11/18,5648.029785
16/11/18,5575.549805
17/11/18,5554.330078
18/11/18,5623.540039
19/11/18,4871.490234
20/11/18,4451.870117
21/11/18,4602.169922
22/11/18,4365.939941
23/11/18,4347.109863
24/11/18,3880.76001
25/11/18,4009.969971
26/11/18,3779.129883
27/11/18,3820.719971
28/11/18,4257.419922
29/11/18,4278.84668
30/11/18,4017.268555
1/12/18,4214.671875
2/12/18,4139.87793
3/12/18,3894.130859
4/12/18,3956.893799
5/12/18,3753.994873
6/12/18,3521.101807
7/12/18,3419.937256
8/12/18,3476.114746
9/12/18,3614.234375
10/12/18,3502.656006
11/12/18,3424.588135
12/12/18,3486.950195
13/12/18,3313.677246
14/12/18,3242.484863
15/12/18,3236.761719
16/12/18,3252.839111
17/12/18,3545.864746
18/12/18,3696.059082
19/12/18,3745.950684
20/12/18,4134.441406
21/12/18,3896.543701
22/12/18,4014.182617
23/12/18,3998.980225
24/12/18,4078.599121
25/12/18,3815.490723
26/12/18,3857.297607
27/12/18,3654.833496
28/12/18,3923.918701
29/12/18,3820.408691
30/12/18,3865.952637
31/12/18,3742.700439
1/1/19,3843.52002
2/1/19,3943.409424
3/1/19,3836.741211
4/1/19,3857.717529
5/1/19,3845.19458
6/1/19,4076.632568
7/1/19,4025.248291
8/1/19,4030.8479
9/1/19,4035.296387
10/1/19,3678.924561
11/1/19,3687.365479
12/1/19,3661.301025
13/1/19,3552.953125
14/1/19,3706.052246
15/1/19,3630.675293
16/1/19,3655.006836
17/1/19,3678.563965
18/1/19,3657.839355
19/1/19,3728.568359
20/1/19,3601.013672
21/1/19,3576.032471
22/1/19,3604.577148
23/1/19,3585.123047
24/1/19,3600.865479
25/1/19,3599.765869
26/1/19,3602.460449
27/1/19,3583.96582
28/1/19,3470.450439
29/1/19,3448.116943
30/1/19,3486.181641
31/1/19,3457.792725
1/2/19,3487.945313
2/2/19,3521.060791
3/2/19,3464.013428
4/2/19,3459.154053
5/2/19,3466.357422
6/2/19,3413.767822
7/2/19,3399.47168
8/2/19,3666.780273
9/2/19,3671.203613
10/2/19,3690.188232
11/2/19,3648.430664
12/2/19,3653.528564
13/2/19,3632.070557
14/2/19,3616.880859
15/2/19,3620.810791
16/2/19,3629.787598
17/2/19,3673.836182
18/2/19,3915.714355
19/2/19,3947.094482
20/2/19,3999.820557
21/2/19,3954.118164
22/2/19,4005.526611
23/2/19,4142.526855
24/2/19,3810.42749
25/2/19,3882.696289
26/2/19,3854.35791
27/2/19,3851.047363
28/2/19,3854.7854
1/3/19,3859.58374
2/3/19,3864.415039
3/3/19,3847.175781
4/3/19,3761.557129
5/3/19,3896.375
6/3/19,3903.942627
7/3/19,3911.484375
8/3/19,3901.131592
9/3/19,3963.313721
10/3/19,3951.599854
11/3/19,3905.227295
12/3/19,3909.15625
13/3/19,3906.717285
14/3/19,3924.369141
15/3/19,3960.911133
16/3/19,4048.72583
17/3/19,4025.229004
18/3/19,4032.507324
19/3/19,4071.190186
20/3/19,4087.476318
21/3/19,4029.326904
22/3/19,4023.968262
23/3/19,4035.826416
24/3/19,4022.168213
25/3/19,3963.070557
26/3/19,3985.080811
27/3/19,4087.066162
28/3/19,4069.107178
29/3/19,4098.374512
30/3/19,4106.660156
31/3/19,4105.404297
1/4/19,4158.183105
2/4/19,4879.87793
3/4/19,4973.021973
4/4/19,4922.798828
5/4/19,5036.681152
6/4/19,5059.817383
7/4/19,5198.896973
8/4/19,5289.770996
9/4/19,5204.958496
10/4/19,5324.551758
11/4/19,5064.487793
12/4/19,5089.539063
13/4/19,5096.586426
14/4/19,5167.722168
15/4/19,5067.108398
16/4/19,5235.55957
17/4/19,5251.937988
18/4/19,5298.385742
19/4/19,5303.8125
20/4/19,5337.88623
21/4/19,5314.53125
22/4/19,5399.365234
23/4/19,5572.362305
24/4/19,5464.866699
25/4/19,5210.515625
26/4/19,5279.348145
27/4/19,5268.291016
28/4/19,5285.13916
29/4/19,5247.352539
30/4/19,5350.726563
1/5/19,5402.697266
2/5/19,5505.283691
3/5/19,5768.289551
4/5/19,5831.16748
5/5/19,5795.708496
6/5/19,5746.807129
7/5/19,5829.501465
8/5/19,5982.45752
9/5/19,6174.528809
10/5/19,6378.849121
11/5/19,7204.771484
12/5/19,6972.371582
13/5/19,7814.915039
14/5/19,7994.416016
15/5/19,8205.167969
16/5/19,7884.90918
17/5/19,7343.895508
18/5/19,7271.208008
19/5/19,8197.689453
20/5/19,7978.309082
21/5/19,7963.327637
22/5/19,7680.066406
23/5/19,7881.84668
24/5/19,7987.371582
25/5/19,8052.543945
26/5/19,8673.21582
27/5/19,8805.77832
28/5/19,8719.961914
29/5/19,8659.487305
30/5/19,8319.472656
31/5/19,8574.501953
1/6/19,8564.016602
2/6/19,8742.958008
3/6/19,8208.995117
4/6/19,7707.770996
5/6/19,7824.231445
6/6/19,7822.023438
7/6/19,8043.951172
8/6/19,7954.12793
9/6/19,7688.077148
10/6/19,8000.32959
11/6/19,7927.714355
12/6/19,8145.857422
13/6/19,8230.923828
14/6/19,8693.833008
15/6/19,8838.375
16/6/19,8994.488281
17/6/19,9320.352539
18/6/19,9081.762695
19/6/19,9273.521484
20/6/19,9527.160156
21/6/19,10144.55664
22/6/19,10701.69141
23/6/19,10855.37109
24/6/19,11011.10254
25/6/19,11790.91699
26/6/19,13016.23145
27/6/19,11182.80664
28/6/19,12407.33203
29/6/19,11959.37109
30/6/19,10817.15527
1/7/19,10583.13477
2/7/19,10801.67773
3/7/19,11961.26953
4/7/19,11215.4375
5/7/19,10978.45996
6/7/19,11208.55078
7/7/19,11450.84668
8/7/19,12285.95801
9/7/19,12573.8125
10/7/19,12156.5127
11/7/19,11358.66211
12/7/19,11815.98633
13/7/19,11392.37891
14/7/19,10256.05859
15/7/19,10895.08984
16/7/19,9477.641602
17/7/19,9693.802734
18/7/19,10666.48242
19/7/19,10530.73242
20/7/19,10767.13965
21/7/19,10599.10547
22/7/19,10343.10645
23/7/19,9900.767578
24/7/19,9811.925781
25/7/19,9911.841797
26/7/19,9870.303711
27/7/19,9477.677734
28/7/19,9552.860352
29/7/19,9519.145508
30/7/19,9607.423828
31/7/19,10085.62793
1/8/19,10399.66895
2/8/19,10518.1748
3/8/19,10821.72656
4/8/19,10970.18457
5/8/19,11805.65332
6/8/19,11478.16895
7/8/19,11941.96875
8/8/19,11966.40723
9/8/19,11862.93652
10/8/19,11354.02441
11/8/19,11523.5791
12/8/19,11382.61621
13/8/19,10895.83008
14/8/19,10051.7041
15/8/19,10311.5459
16/8/19,10374.33887
17/8/19,10231.74414
18/8/19,10345.81055
19/8/19,10916.05371
20/8/19,10763.23242
21/8/19,10138.0498
22/8/19,10131.05566
23/8/19,10407.96484
24/8/19,10159.96094
25/8/19,10138.51758
26/8/19,10370.82031
27/8/19,10185.5
28/8/19,9754.422852
29/8/19,9510.200195
30/8/19,9598.173828
31/8/19,9630.664063
1/9/19,9757.970703
2/9/19,10346.76074
3/9/19,10623.54004
4/9/19,10594.49316
5/9/19,10575.5332
6/9/19,10353.30273
7/9/19,10517.25488
8/9/19,10441.27637
9/9/19,10334.97461
10/9/19,10115.97559
11/9/19,10178.37207
12/9/19,10410.12695
13/9/19,10360.54688
14/9/19,10358.04883
15/9/19,10347.71289
16/9/19,10276.79395
17/9/19,10241.27246
18/9/19,10198.24805
19/9/19,10266.41504
20/9/19,10181.6416
21/9/19,10019.7168
22/9/19,10070.39258
23/9/19,9729.324219
24/9/19,8620.566406
25/9/19,8486.993164
26/9/19,8118.967773
27/9/19,8251.845703
28/9/19,8245.915039
29/9/19,8104.185547
30/9/19,8293.868164
1/10/19,8343.276367
2/10/19,8393.041992
3/10/19,8259.992188
4/10/19,8205.939453
5/10/19,8151.500488
6/10/19,7988.155762
7/10/19,8245.623047
8/10/19,8228.783203
9/10/19,8595.740234
10/10/19,8586.473633
11/10/19,8321.756836
12/10/19,8336.555664
13/10/19,8321.005859
14/10/19,8374.686523
15/10/19,8205.369141
16/10/19,8047.526855
17/10/19,8103.911133
18/10/19,7973.20752
19/10/19,7988.560547
20/10/19,8222.078125
21/10/19,8243.720703
22/10/19,8078.203125
23/10/19,7514.671875
24/10/19,7493.48877
25/10/19,8660.700195
26/10/19,9244.972656
27/10/19,9551.714844
28/10/19,9256.148438
29/10/19,9427.6875
30/10/19,9205.726563
31/10/19,9199.584961
1/11/19,9261.104492
2/11/19,9324.717773
3/11/19,9235.354492
4/11/19,9412.612305
5/11/19,9342.527344
6/11/19,9360.879883
7/11/19,9267.561523
8/11/19,8804.880859
9/11/19,8813.582031
10/11/19,9055.526367
11/11/19,8757.788086
12/11/19,8815.662109
13/11/19,8808.262695
14/11/19,8708.094727
15/11/19,8491.992188
16/11/19,8550.760742
17/11/19,8577.975586
18/11/19,8309.286133
19/11/19,8206.145508
20/11/19,8027.268066
21/11/19,7642.75
22/11/19,7296.577637
23/11/19,7397.796875
24/11/19,7047.916992
25/11/19,7146.133789
26/11/19,7218.371094
27/11/19,7531.663574
28/11/19,7463.105957
29/11/19,7761.243652
30/11/19,7569.629883
1/12/19,7424.29248
2/12/19,7321.988281
3/12/19,7320.145508
4/12/19,7252.034668
5/12/19,7448.307617
6/12/19,7546.996582
7/12/19,7556.237793
8/12/19,7564.345215
9/12/19,7400.899414
10/12/19,7278.119629
11/12/19,7217.427246
12/12/19,7243.134277
13/12/19,7269.68457
14/12/19,7124.673828
15/12/19,7152.301758
16/12/19,6932.480469
17/12/19,6640.515137
18/12/19,7276.802734
19/12/19,7202.844238
20/12/19,7218.816406
21/12/19,7191.158691
22/12/19,7511.588867
23/12/19,7355.628418
24/12/19,7322.532227
25/12/19,7275.155762
26/12/19,7238.966797
27/12/19,7290.088379
28/12/19,7317.990234
29/12/19,7422.652832
30/12/19,7292.995117
31/12/19,7193.599121
1/1/20,7200.174316
2/1/20,6985.470215
3/1/20,7344.884277
4/1/20,7410.656738
5/1/20,7411.317383
6/1/20,7769.219238
7/1/20,8163.692383
8/1/20,8079.862793
9/1/20,7879.071289
10/1/20,8166.554199
11/1/20,8037.537598
12/1/20,8192.494141
13/1/20,8144.194336
14/1/20,8827.764648
15/1/20,8807.010742
16/1/20,8723.786133
17/1/20,8929.038086
18/1/20,8942.808594
19/1/20,8706.245117
20/1/20,8657.642578
21/1/20,8745.894531
22/1/20,8680.875977
23/1/20,8406.515625
24/1/20,8445.43457
25/1/20,8367.847656
26/1/20,8596.830078
27/1/20,8909.819336
28/1/20,9358.589844
29/1/20,9316.629883
30/1/20,9508.993164
31/1/20,9350.529297
1/2/20,9392.875
2/2/20,9344.365234
3/2/20,9293.521484
4/2/20,9180.962891
5/2/20,9613.423828
6/2/20,9729.801758
7/2/20,9795.943359
8/2/20,9865.119141
9/2/20,10116.67383
10/2/20,9856.611328
11/2/20,10208.23633
12/2/20,10326.05469
13/2/20,10214.37988
14/2/20,10312.11621
15/2/20,9889.424805
16/2/20,9934.433594
17/2/20,9690.142578
18/2/20,10141.99609
19/2/20,9633.386719
20/2/20,9608.475586
21/2/20,9686.441406
22/2/20,9663.181641
23/2/20,9924.515625
24/2/20,9650.174805
25/2/20,9341.705078
26/2/20,8820.522461
27/2/20,8784.494141
28/2/20,8672.455078
29/2/20,8599.508789
1/3/20,8562.454102
2/3/20,8869.669922
3/3/20,8787.786133
4/3/20,8755.246094
5/3/20,9078.762695
6/3/20,9122.545898
7/3/20,8909.954102
8/3/20,8108.116211
9/3/20,7923.644531
10/3/20,7909.729492
11/3/20,7911.430176
12/3/20,4970.788086
13/3/20,5563.707031
14/3/20,5200.366211
15/3/20,5392.314941
16/3/20,5014.47998
17/3/20,5225.629395
18/3/20,5238.438477
19/3/20,6191.192871
20/3/20,6198.77832
21/3/20,6185.066406
22/3/20,5830.254883
23/3/20,6416.314941
24/3/20,6734.803711
25/3/20,6681.062988
26/3/20,6716.44043
27/3/20,6469.79834
28/3/20,6242.193848
29/3/20,5922.042969
30/3/20,6429.841797
31/3/20,6438.644531
1/4/20,6606.776367
2/4/20,6793.624512
3/4/20,6733.387207
4/4/20,6867.527344
5/4/20,6791.129395
6/4/20,7271.78125
7/4/20,7176.414551
8/4/20,7334.098633
9/4/20,7302.089355
10/4/20,6865.493164
11/4/20,6859.083008
12/4/20,6971.091797
13/4/20,6845.037598
14/4/20,6842.427734
15/4/20,6642.109863
16/4/20,7116.804199
18/4/20,7257.665039
19/4/20,7189.424805
20/4/20,6881.958496
21/4/20,6880.323242
22/4/20,7117.20752
23/4/20,7429.724609
24/4/20,7550.900879
25/4/20,7569.936035
26/4/20,7679.867188
27/4/20,7795.601074
28/4/20,7807.058594
29/4/20,8801.038086
30/4/20,8658.553711
1/5/20,8864.766602
2/5/20,8988.59668
3/5/20,8897.46875
4/5/20,8912.654297
5/5/20,9003.070313
6/5/20,9268.761719
7/5/20,9951.518555
8/5/20,9842.666016
9/5/20,9593.896484
10/5/20,8756.430664
11/5/20,8601.795898
12/5/20,8804.477539
13/5/20,9269.987305
14/5/20,9733.72168
15/5/20,9328.197266
16/5/20,9377.013672
17/5/20,9670.739258
18/5/20,9726.575195
19/5/20,9729.038086
20/5/20,9522.981445
21/5/20,9081.761719
22/5/20,9182.577148
23/5/20,9209.287109
24/5/20,8790.368164
25/5/20,8906.93457
26/5/20,8835.052734
27/5/20,9181.017578
28/5/20,9525.750977
29/5/20,9439.124023
30/5/20,9700.414063
31/5/20,9461.058594
1/6/20,10167.26855
2/6/20,9529.803711
3/6/20,9656.717773
4/6/20,9800.636719
5/6/20,9665.533203
6/6/20,9653.679688
7/6/20,9758.852539
8/6/20,9771.489258
9/6/20,9795.700195
10/6/20,9870.094727
11/6/20,9321.78125
12/6/20,9480.84375
13/6/20,9475.277344
14/6/20,9386.788086
15/6/20,9450.702148
16/6/20,9538.024414
17/6/20,9480.254883
18/6/20,9411.84082
19/6/20,9288.018555
20/6/20,9332.34082
21/6/20,9303.629883
22/6/20,9648.717773
23/6/20,9629.658203
24/6/20,9313.610352
25/6/20,9264.813477
26/6/20,9162.917969
27/6/20,9045.390625
28/6/20,9143.582031
29/6/20,9190.854492
30/6/20,9137.993164
1/7/20,9228.325195
2/7/20,9123.410156
3/7/20,9087.303711
4/7/20,9132.488281
5/7/20,9073.942383
6/7/20,9375.474609
7/7/20,9252.277344
8/7/20,9428.333008
9/7/20,9277.967773
10/7/20,9278.807617
11/7/20,9240.34668
12/7/20,9276.5
13/7/20,9243.614258
14/7/20,9243.213867
15/7/20,9192.836914
16/7/20,9132.227539
17/7/20,9151.392578
18/7/20,9159.040039
19/7/20,9185.817383
20/7/20,9164.231445
21/7/20,9374.887695
22/7/20,9525.363281
23/7/20,9581.072266
24/7/20,9536.892578
25/7/20,9677.113281
26/7/20,9905.166992
27/7/20,10990.87305
28/7/20,10912.82324
29/7/20,11100.46777
30/7/20,11111.21387
31/7/20,11323.4668
1/8/20,11759.59277
2/8/20,11053.61426
3/8/20,11246.34863
4/8/20,11205.89258
5/8/20,11747.02246
6/8/20,11779.77344
7/8/20,11601.47266
8/8/20,11754.0459
9/8/20,11675.73926
10/8/20,11878.11133
11/8/20,11410.52539
12/8/20,11584.93457
13/8/20,11784.1377
14/8/20,11768.87109
15/8/20,11865.69824
16/8/20,11892.80371
17/8/20,12254.40234
18/8/20,11991.2334
19/8/20,11758.2832
20/8/20,11878.37207
21/8/20,11592.48926
22/8/20,11681.8252
23/8/20,11664.84766
24/8/20,11774.5957
25/8/20,11366.13477
26/8/20,11488.36328
27/8/20,11323.39746
28/8/20,11542.5
29/8/20,11506.86523
30/8/20,11711.50586
31/8/20,11680.82031
1/9/20,11970.47852
2/9/20,11414.03418
3/9/20,10245.29688
4/9/20,10511.81348
5/9/20,10169.56738
6/9/20,10280.35156
7/9/20,10369.56348
8/9/20,10131.5166
9/9/20,10242.34766
10/9/20,10363.13867
11/9/20,10400.91504
12/9/20,10442.1709
13/9/20,10323.75586
14/9/20,10680.83789
15/9/20,10796.95117
16/9/20,10974.90527
17/9/20,10948.99023
18/9/20,10944.58594
19/9/20,11094.34668
20/9/20,10938.27148
21/9/20,10462.25977
22/9/20,10538.45996
23/9/20,10225.86426
24/9/20,10745.54883
25/9/20,10702.29004
26/9/20,10754.4375
27/9/20,10774.42676
28/9/20,10721.32715
29/9/20,10848.83008
30/9/20,10787.61816
1/10/20,10623.33008
2/10/20,10585.16406
3/10/20,10565.49316
4/10/20,10684.42871
5/10/20,10804.00098
6/10/20,10621.66406
7/10/20,10679.13672
8/10/20,10923.62793
10/10/20,11296.36133
11/10/20,11384.18164
14/10/20,11429.50684
15/10/20,11495.34961
16/10/20,11322.12305
17/10/20,11358.10156
18/10/20,11483.35938
19/10/20,11742.03711
20/10/20,11916.33496
21/10/20,12823.68945
22/10/20,12965.8916
23/10/20,12931.53906
24/10/20,13108.0625
25/10/20,13031.17383
26/10/20,13075.24805
27/10/20,13654.21875
28/10/20,13271.28516
29/10/20,13437.88281
30/10/20,13546.52246
31/10/20,13780.99512
1/11/20,13737.10938
2/11/20,13550.48926
3/11/20,13950.30078
4/11/20,14133.70703
5/11/20,15579.84863
6/11/20,15565.88086
7/11/20,14833.75391
8/11/20,15479.56738
9/11/20,15332.31543
10/11/20,15290.90234
11/11/20,15701.33984
12/11/20,16276.34375
13/11/20,16317.80859
14/11/20,16068.13867
15/11/20,15955.58789
16/11/20,16716.11133
17/11/20,17645.40625
18/11/20,17804.00586
19/11/20,17817.08984
20/11/20,18621.31445
21/11/20,18642.23242
22/11/20,18370.00195
23/11/20,18364.12109
24/11/20,19107.46484
25/11/20,18732.12109
26/11/20,17150.62305
27/11/20,17108.40234
28/11/20,17717.41406
29/11/20,18177.48438
30/11/20,19625.83594
1/12/20,18802.99805
2/12/20,19201.0918
3/12/20,19445.39844
4/12/20,18699.76563
5/12/20,19154.23047
6/12/20,19345.12109
7/12/20,19191.63086
8/12/20,18321.14453
9/12/20,18553.91602
10/12/20,18264.99219
11/12/20,18058.9043
12/12/20,18803.65625
13/12/20,19142.38281
14/12/20,19246.64453
15/12/20,19417.07617
16/12/20,21310.59766
17/12/20,22805.16211
18/12/20,23137.96094
19/12/20,23869.83203
20/12/20,23477.29492
21/12/20,22803.08203
22/12/20,23783.0293
23/12/20,23241.3457
24/12/20,23735.94922
25/12/20,24664.79102
26/12/20,26437.03711
27/12/20,26272.29492
28/12/20,27084.80859
29/12/20,27362.4375
30/12/20,28840.95313
31/12/20,29001.7207
1/1/21,29374.15234
2/1/21,32127.26758
3/1/21,32782.02344
4/1/21,31971.91406
5/1/21,33992.42969
6/1/21,36824.36328
7/1/21,39371.04297
8/1/21,40797.60938
9/1/21,40254.54688
10/1/21,38356.44141
11/1/21,35566.65625
12/1/21,33922.96094
13/1/21,37316.35938
14/1/21,39187.32813
15/1/21,36825.36719
16/1/21,36178.14063
17/1/21,35791.27734
18/1/21,36630.07422
19/1/21,36069.80469
20/1/21,35547.75
21/1/21,30825.69922
22/1/21,33005.76172
23/1/21,32067.64258
24/1/21,32289.37891
25/1/21,32366.39258
26/1/21,32569.84961
27/1/21,30432.54688
28/1/21,31649.60547
29/1/21,34316.38672
30/1/21,34269.52344
31/1/21,33114.35938
1/2/21,33537.17578
2/2/21,35510.28906
3/2/21,37472.08984
4/2/21,36926.06641
5/2/21,38144.30859
6/2/21,39266.01172
7/2/21,38903.44141
8/2/21,46196.46484
9/2/21,46481.10547
10/2/21,44918.18359
11/2/21,47909.33203
12/2/21,47504.85156
13/2/21,47105.51563
14/2/21,48717.28906
15/2/21,47945.05859
16/2/21,49199.87109
17/2/21,52149.00781
18/2/21,51679.79688
19/2/21,55888.13281
20/2/21,56099.51953
21/2/21,57539.94531
22/2/21,54207.32031
23/2/21,48824.42578
24/2/21,49705.33203
25/2/21,47093.85156
26/2/21,46339.76172
27/2/21,46188.45313
28/2/21,45137.76953
1/3/21,49631.24219
2/3/21,48378.98828
3/3/21,50538.24219
4/3/21,48561.16797
5/3/21,48927.30469
6/3/21,48912.38281
7/3/21,51206.69141
8/3/21,52246.52344
9/3/21,54824.11719
10/3/21,56008.55078
11/3/21,57805.12109
12/3/21,57332.08984
13/3/21,61243.08594
14/3/21,59302.31641
15/3/21,55907.19922
16/3/21,56804.90234
17/3/21,58870.89453
18/3/21,57858.92188
19/3/21,58346.65234
20/3/21,58313.64453
21/3/21,57523.42188
22/3/21,54529.14453
23/3/21,54738.94531
24/3/21,52774.26563
25/3/21,51704.16016
26/3/21,55137.3125
27/3/21,55973.51172
28/3/21,55950.74609
29/3/21,57750.19922
30/3/21,58917.69141
31/3/21,58918.83203
1/4/21,59095.80859
2/4/21,59384.3125
3/4/21,57603.89063
4/4/21,58758.55469
5/4/21,59057.87891
6/4/21,58192.35938
7/4/21,56048.9375
8/4/21,58323.95313
9/4/21,58245.00391
10/4/21,59793.23438
11/4/21,60204.96484
12/4/21,59893.45313
13/4/21,63503.45703
14/4/21,63109.69531
15/4/21,63314.01172
16/4/21,61572.78906
17/4/21,60683.82031
18/4/21,56216.18359
19/4/21,55724.26563
20/4/21,56473.03125
21/4/21,53906.08984
22/4/21,51762.27344
23/4/21,51093.65234
24/4/21,50050.86719
25/4/21,49004.25391
26/4/21,54021.75391
27/4/21,55033.11719
28/4/21,54824.70313
29/4/21,53555.10938
30/4/21,57750.17578
1/5/21,57828.05078
2/5/21,56631.07813
3/5/21,57200.29297
4/5/21,53333.53906
5/5/21,57424.00781
6/5/21,56396.51563
7/5/21,57356.40234
8/5/21,58803.77734
9/5/21,58232.31641
10/5/21,55859.79688
11/5/21,56704.57422
12/5/21,49150.53516
13/5/21,49716.19141
14/5/21,49880.53516
15/5/21,46760.1875
16/5/21,46456.05859
17/5/21,43537.51172
18/5/21,42909.40234
19/5/21,37002.44141
20/5/21,40782.73828
21/5/21,37304.69141
22/5/21,37536.63281
23/5/21,34770.58203
24/5/21,38705.98047
25/5/21,38402.22266
26/5/21,39294.19922
27/5/21,38436.96875
28/5/21,35697.60547
29/5/21,34616.06641
30/5/21,35678.12891
31/5/21,37332.85547
1/6/21,36684.92578
2/6/21,37575.17969
3/6/21,39208.76563
4/6/21,36894.40625
5/6/21,35551.95703
6/6/21,35862.37891
7/6/21,33560.70703
8/6/21,33472.63281
9/6/21,37345.12109
10/6/21,36702.59766
11/6/21,37334.39844
12/6/21,35552.51563
13/6/21,39097.85938
14/6/21,40218.47656
15/6/21,40406.26953
16/6/21,38347.0625
17/6/21,38053.50391
18/6/21,35787.24609
19/6/21,35615.87109
20/6/21,35698.29688
21/6/21,31676.69336
22/6/21,32505.66016
23/6/21,33723.02734
24/6/21,34662.4375
25/6/21,31637.7793
26/6/21,32186.27734
27/6/21,34649.64453
28/6/21,34434.33594
29/6/21,35867.77734
30/6/21,35040.83594
1/7/21,33572.11719
2/7/21,33897.04688
3/7/21,34668.54688
4/7/21,35287.78125
5/7/21,33746.00391
6/7/21,34235.19531
7/7/21,33855.32813
8/7/21,32877.37109
9/7/21,33798.01172
10/7/21,33520.51953
11/7/21,34240.1875
12/7/21,33155.84766
13/7/21,32702.02539
14/7/21,32822.34766
15/7/21,31780.73047
16/7/21,31421.53906
17/7/21,31533.06836
18/7/21,31796.81055
19/7/21,30817.83203
20/7/21,29807.34766
21/7/21,32110.69336
22/7/21,32313.10547
23/7/21,33581.55078
24/7/21,34292.44531
25/7/21,35350.1875
26/7/21,37337.53516
27/7/21,39406.94141
28/7/21,39995.90625
29/7/21,40008.42188
30/7/21,42235.54688
31/7/21,41626.19531
1/8/21,39974.89453
2/8/21,39201.94531
3/8/21,38152.98047
4/8/21,39747.50391
5/8/21,40869.55469
6/8/21,42816.5
7/8/21,44555.80078
8/8/21,43798.11719
9/8/21,46365.40234
10/8/21,45585.03125
11/8/21,45593.63672
12/8/21,44428.28906
13/8/21,47793.32031
14/8/21,47096.94531
15/8/21,47047.00391
16/8/21,46004.48438
17/8/21,44695.35938
18/8/21,44801.1875
19/8/21,46717.57813
20/8/21,49339.17578
21/8/21,48905.49219
22/8/21,49321.65234
23/8/21,49546.14844
24/8/21,47706.11719
25/8/21,48960.78906
26/8/21,46942.21875
27/8/21,49058.66797
28/8/21,48902.40234
29/8/21,48829.83203
30/8/21,47054.98438
31/8/21,47166.6875
1/9/21,48847.02734
2/9/21,49327.72266
3/9/21,50025.375
4/9/21,49944.625
5/9/21,51753.41016
6/9/21,52633.53516
7/9/21,46811.12891
8/9/21,46091.39063
9/9/21,46391.42188
10/9/21,44883.91016
11/9/21,45201.45703
12/9/21,46063.26953
13/9/21,44963.07422
14/9/21,47092.49219
15/9/21,48176.34766
16/9/21,47783.35938
17/9/21,47267.51953
18/9/21,48278.36328
19/9/21,47260.21875
20/9/21,42843.80078
21/9/21,40693.67578
22/9/21,43574.50781
23/9/21,44895.09766
24/9/21,42839.75
25/9/21,42716.59375
26/9/21,43208.53906
27/9/21,42235.73047
28/9/21,41034.54297
29/9/21,41564.36328
30/9/21,43790.89453