Date,LINK
1/10/17,0.436646998
2/10/17,0.356766999
3/10/17,0.34553501
4/10/17,0.39736101
5/10/17,0.40653801
6/10/17,0.47576499
7/10/17,0.463656992
8/10/17,0.397136986
9/10/17,0.380589008
10/10/17,0.407469004
11/10/17,0.450462997
12/10/17,0.444011003
13/10/17,0.434603006
14/10/17,0.391860008
15/10/17,0.413516015
16/10/17,0.423806995
17/10/17,0.400848001
18/10/17,0.366228998
19/10/17,0.300000012
20/10/17,0.223874003
21/10/17,0.252680987
22/10/17,0.264694989
23/10/17,0.248675004
24/10/17,0.254453003
25/10/17,0.254435003
26/10/17,0.227041006
27/10/17,0.224644005
28/10/17,0.206531003
29/10/17,0.198875993
30/10/17,0.209849
31/10/17,0.193911999
1/11/17,0.157610998
2/11/17,0.167427003
3/11/17,0.171798006
4/11/17,0.177603006
5/11/17,0.172059
6/11/17,0.167456001
7/11/17,0.177539006
8/11/17,0.213909
9/11/17,0.223968998
10/11/17,0.187601998
11/11/17,0.179769993
12/11/17,0.170898005
13/11/17,0.183071002
14/11/17,0.188114002
15/11/17,0.186138004
16/11/17,0.169761002
17/11/17,0.159649
18/11/17,0.170872003
19/11/17,0.162354007
20/11/17,0.162183002
21/11/17,0.154972002
22/11/17,0.168514997
23/11/17,0.164383993
24/11/17,0.192920998
25/11/17,0.180959001
26/11/17,0.182888001
27/11/17,0.184167996
28/11/17,0.176423997
29/11/17,0.145254999
30/11/17,0.170460999
1/12/17,0.177823007
2/12/17,0.207898006
3/12/17,0.230628997
4/12/17,0.229580998
5/12/17,0.313876987
6/12/17,0.291570008
7/12/17,0.260064006
8/12/17,0.245225996
9/12/17,0.238858998
10/12/17,0.252898008
11/12/17,0.260592014
12/12/17,0.231424004
13/12/17,0.261878014
14/12/17,0.308503002
15/12/17,0.320793003
16/12/17,0.341392994
17/12/17,0.417596012
18/12/17,0.434906989
19/12/17,0.439355999
20/12/17,0.372795999
21/12/17,0.424286991
22/12/17,0.426878005
23/12/17,0.577679992
24/12/17,0.544161975
25/12/17,0.501932979
26/12/17,0.521421015
27/12/17,0.505500972
28/12/17,0.506696999
29/12/17,0.486348003
30/12/17,0.586127996
31/12/17,0.60155201
1/1/18,0.733563006
2/1/18,0.673712015
3/1/18,0.681167006
4/1/18,0.984368026
5/1/18,0.907486022
6/1/18,1.063570023
7/1/18,1.27046001
8/1/18,1.377300024
9/1/18,1.228279948
10/1/18,1.188709974
11/1/18,1.010329962
12/1/18,1.051560044
13/1/18,1.101230025
14/1/18,1.010840058
15/1/18,0.877687991
16/1/18,0.756452978
17/1/18,0.698634028
18/1/18,0.744229972
19/1/18,0.812905014
20/1/18,1.219300032
21/1/18,0.887827992
22/1/18,0.802857995
23/1/18,0.801917017
24/1/18,0.792863011
25/1/18,0.760437012
26/1/18,0.709852993
27/1/18,0.780674994
28/1/18,0.760600984
29/1/18,0.697712004
30/1/18,0.596777976
31/1/18,0.620145977
1/2/18,0.520346999
2/2/18,0.49457401
3/2/18,0.518558025
4/2/18,0.434370995
5/2/18,0.341506004
6/2/18,0.425247997
7/2/18,0.376771003
8/2/18,0.411080003
9/2/18,0.435193986
10/2/18,0.419874012
11/2/18,0.416157007
12/2/18,0.490281999
13/2/18,0.570758998
14/2/18,0.568252981
15/2/18,0.565250993
16/2/18,0.639627993
17/2/18,0.67248702
18/2/18,0.76176101
19/2/18,0.774362028
20/2/18,0.699926019
21/2/18,0.653669
22/2/18,0.601922989
23/2/18,0.674790978
24/2/18,0.650958002
25/2/18,0.675715029
26/2/18,0.691446006
27/2/18,0.723957002
28/2/18,0.661446989
1/3/18,0.663065016
2/3/18,0.652742028
3/3/18,0.628705978
4/3/18,0.592818022
5/3/18,0.58673799
6/3/18,0.533869982
7/3/18,0.521148026
8/3/18,0.486422002
9/3/18,0.480877012
10/3/18,0.467709988
11/3/18,0.513523996
12/3/18,0.510197997
13/3/18,0.563840985
14/3/18,0.443608999
15/3/18,0.419737011
16/3/18,0.424419999
17/3/18,0.373861015
18/3/18,0.373338014
19/3/18,0.381644011
20/3/18,0.391712993
21/3/18,0.44542101
22/3/18,0.419292003
23/3/18,0.409139991
24/3/18,0.419084996
25/3/18,0.406105012
26/3/18,0.371495992
27/3/18,0.342624992
28/3/18,0.351366997
29/3/18,0.280160993
30/3/18,0.287494004
31/3/18,0.280171007
1/4/18,0.26157999
2/4/18,0.273683995
3/4/18,0.295473009
4/4/18,0.290161014
5/4/18,0.286924988
6/4/18,0.275061995
7/4/18,0.304123998
8/4/18,0.327093989
9/4/18,0.311527997
10/4/18,0.355836004
11/4/18,0.359286994
12/4/18,0.386810988
13/4/18,0.38154301
14/4/18,0.394006997
15/4/18,0.423945993
16/4/18,0.409538001
17/4/18,0.416794002
18/4/18,0.446289986
19/4/18,0.482795
20/4/18,0.481415987
21/4/18,0.491349012
22/4/18,0.499311
23/4/18,0.492385
24/4/18,0.536823988
25/4/18,0.434367001
26/4/18,0.490148008
27/4/18,0.452004999
28/4/18,0.484476
29/4/18,0.51571399
30/4/18,0.544691026
1/5/18,0.550400972
2/5/18,0.564701021
3/5/18,0.567668974
4/5/18,0.58258301
5/5/18,0.571534991
6/5/18,0.538398981
7/5/18,0.573018014
8/5/18,0.552856982
9/5/18,0.539511979
10/5/18,0.526373029
11/5/18,0.467844009
12/5/18,0.464763999
13/5/18,0.50345701
14/5/18,0.516911983
15/5/18,0.504004002
16/5/18,0.480890989
17/5/18,0.444447011
18/5/18,0.456840992
19/5/18,0.453085989
20/5/18,0.453171015
21/5/18,0.424356014
22/5/18,0.376996994
23/5/18,0.348690003
24/5/18,0.360525995
25/5/18,0.342848003
26/5/18,0.36462
27/5/18,0.345248997
28/5/18,0.31584999
29/5/18,0.351256996
30/5/18,0.335833997
31/5/18,0.344772995
1/6/18,0.349503011
2/6/18,0.367309988
3/6/18,0.362293988
4/6/18,0.340508997
5/6/18,0.336190999
6/6/18,0.329863995
7/6/18,0.306769997
8/6/18,0.293531001
9/6/18,0.297623992
10/6/18,0.241827995
11/6/18,0.262975007
12/6/18,0.228635997
13/6/18,0.214525998
14/6/18,0.239963993
15/6/18,0.223556995
16/6/18,0.222021997
17/6/18,0.214001998
18/6/18,0.210079998
19/6/18,0.220764995
20/6/18,0.225581005
21/6/18,0.212880999
22/6/18,0.186088994
23/6/18,0.193660006
24/6/18,0.186943993
25/6/18,0.179697007
26/6/18,0.170771003
27/6/18,0.171994999
28/6/18,0.166278005
29/6/18,0.181071997
30/6/18,0.226619005
1/7/18,0.221200004
2/7/18,0.248999998
3/7/18,0.236517996
4/7/18,0.232286006
5/7/18,0.218493998
6/7/18,0.229948997
7/7/18,0.249942005
8/7/18,0.246745005
9/7/18,0.235216007
10/7/18,0.211166993
11/7/18,0.206735
12/7/18,0.204594001
13/7/18,0.200694993
14/7/18,0.194691002
15/7/18,0.199310005
16/7/18,0.222559005
17/7/18,0.248674005
18/7/18,0.239779994
19/7/18,0.229672998
20/7/18,0.216450006
21/7/18,0.222991005
22/7/18,0.201422006
23/7/18,0.197050005
24/7/18,0.202623993
25/7/18,0.243708
26/7/18,0.251830995
27/7/18,0.266840011
28/7/18,0.279980987
29/7/18,0.328678995
30/7/18,0.318273991
31/7/18,0.293933988
1/8/18,0.287279993
2/8/18,0.309579998
3/8/18,0.284745991
4/8/18,0.257988989
5/8/18,0.25394699
6/8/18,0.236470997
7/8/18,0.233997002
8/8/18,0.228039995
9/8/18,0.276127994
10/8/18,0.274726987
11/8/18,0.270669997
12/8/18,0.283596992
13/8/18,0.259292006
14/8/18,0.271910012
15/8/18,0.257546991
16/8/18,0.268243998
17/8/18,0.291826993
18/8/18,0.273319989
19/8/18,0.302271992
20/8/18,0.287261993
21/8/18,0.311926991
22/8/18,0.314631999
23/8/18,0.321022004
24/8/18,0.336926997
25/8/18,0.319766998
26/8/18,0.328877985
27/8/18,0.336084992
28/8/18,0.335792989
29/8/18,0.308710009
30/8/18,0.30539
31/8/18,0.328099012
1/9/18,0.328258008
2/9/18,0.310938001
3/9/18,0.303939998
4/9/18,0.299719989
5/9/18,0.26869899
6/9/18,0.272390008
7/9/18,0.260661989
8/9/18,0.241907001
9/9/18,0.239740998
10/9/18,0.247806996
11/9/18,0.260428995
12/9/18,0.253495008
13/9/18,0.271775991
14/9/18,0.26889801
15/9/18,0.269288003
16/9/18,0.273865014
17/9/18,0.268721014
18/9/18,0.291211993
19/9/18,0.329172999
20/9/18,0.358402997
21/9/18,0.353302985
22/9/18,0.337859988
23/9/18,0.343609005
24/9/18,0.334657013
25/9/18,0.326492995
26/9/18,0.348924011
27/9/18,0.345589995
28/9/18,0.334982991
29/9/18,0.329201996
30/9/18,0.331898004
1/10/18,0.325231999
2/10/18,0.321105003
3/10/18,0.310337991
4/10/18,0.320939988
5/10/18,0.356503993
6/10/18,0.33809799
7/10/18,0.337637007
8/10/18,0.343585014
9/10/18,0.339711994
10/10/18,0.347860992
11/10/18,0.30320099
12/10/18,0.311277986
13/10/18,0.318843007
14/10/18,0.325284004
15/10/18,0.339637995
16/10/18,0.358844995
17/10/18,0.376967996
18/10/18,0.376913011
19/10/18,0.361977011
20/10/18,0.370766014
21/10/18,0.371791005
22/10/18,0.390430987
23/10/18,0.43788299
24/10/18,0.412075013
25/10/18,0.437743008
26/10/18,0.432123005
27/10/18,0.444364011
28/10/18,0.440447986
29/10/18,0.418148011
30/10/18,0.450410008
31/10/18,0.506043971
1/11/18,0.514021993
2/11/18,0.500783026
3/11/18,0.543030977
4/11/18,0.503996015
5/11/18,0.481368005
6/11/18,0.484115005
7/11/18,0.482140988
8/11/18,0.497974008
9/11/18,0.492477
10/11/18,0.521143019
11/11/18,0.509635985
12/11/18,0.562798977
13/11/18,0.581441998
14/11/18,0.547842979
15/11/18,0.54163301
16/11/18,0.512893975
17/11/18,0.485119998
18/11/18,0.52423799
19/11/18,0.41128999
20/11/18,0.341812998
21/11/18,0.367507011
22/11/18,0.342961013
23/11/18,0.329342991
24/11/18,0.284568012
25/11/18,0.259427994
26/11/18,0.283865988
27/11/18,0.287584007
28/11/18,0.331459999
29/11/18,0.344781995
30/11/18,0.322241992
1/12/18,0.332691997
2/12/18,0.31565699
3/12/18,0.28848201
4/12/18,0.287811995
5/12/18,0.256612986
6/12/18,0.222731993
7/12/18,0.216468006
8/12/18,0.228283003
9/12/18,0.239791006
10/12/18,0.219071999
11/12/18,0.223390996
12/12/18,0.226759002
13/12/18,0.205696002
14/12/18,0.202932
15/12/18,0.203356996
16/12/18,0.206882
17/12/18,0.233421996
18/12/18,0.270224988
19/12/18,0.296346009
20/12/18,0.338506013
21/12/18,0.298483014
22/12/18,0.311306
23/12/18,0.313261002
24/12/18,0.307951987
25/12/18,0.317662001
26/12/18,0.307583004
27/12/18,0.275171012
28/12/18,0.298379004
29/12/18,0.299970001
30/12/18,0.298642993
31/12/18,0.289444
1/1/19,0.299371004
2/1/19,0.316489011
3/1/19,0.365974009
4/1/19,0.437175006
5/1/19,0.395947993
6/1/19,0.397009999
7/1/19,0.376473993
8/1/19,0.424198002
9/1/19,0.401805013
10/1/19,0.354604006
11/1/19,0.444193006
12/1/19,0.412243992
13/1/19,0.444261014
14/1/19,0.485659987
15/1/19,0.518795013
16/1/19,0.497373998
17/1/19,0.483011991
18/1/19,0.500732005
19/1/19,0.491470009
20/1/19,0.490123004
21/1/19,0.503412008
22/1/19,0.540335
23/1/19,0.509976029
24/1/19,0.504242003
25/1/19,0.479548991
26/1/19,0.472149014
27/1/19,0.43374899
28/1/19,0.413489997
29/1/19,0.455235004
30/1/19,0.426928997
31/1/19,0.387690008
1/2/19,0.419263005
2/2/19,0.414927006
3/2/19,0.396142006
4/2/19,0.394452006
5/2/19,0.421775997
6/2/19,0.399619997
7/2/19,0.401473999
8/2/19,0.436518997
9/2/19,0.464334011
10/2/19,0.452185988
11/2/19,0.429450989
12/2/19,0.425395012
13/2/19,0.444043994
14/2/19,0.428375989
15/2/19,0.432969004
16/2/19,0.440510988
17/2/19,0.457498997
18/2/19,0.474332988
19/2/19,0.45815599
20/2/19,0.466109991
21/2/19,0.445463002
22/2/19,0.45202899
23/2/19,0.461888999
24/2/19,0.410640001
25/2/19,0.470638007
26/2/19,0.437431991
27/2/19,0.431479007
28/2/19,0.427421004
1/3/19,0.431784987
2/3/19,0.427787006
3/3/19,0.424169004
4/3/19,0.407810986
5/3/19,0.432996988
6/3/19,0.431820989
7/3/19,0.455832005
8/3/19,0.466201991
9/3/19,0.477456003
10/3/19,0.501767993
11/3/19,0.467489988
12/3/19,0.488552004
13/3/19,0.484510005
14/3/19,0.491097003
15/3/19,0.490087003
16/3/19,0.485599011
17/3/19,0.483684987
18/3/19,0.480713993
19/3/19,0.485390991
20/3/19,0.486086011
21/3/19,0.461061001
22/3/19,0.466446012
23/3/19,0.463084012
24/3/19,0.456405014
25/3/19,0.476395011
26/3/19,0.463600993
27/3/19,0.499870986
28/3/19,0.503458977
29/3/19,0.499502003
30/3/19,0.494278014
31/3/19,0.507613003
1/4/19,0.556137979
2/4/19,0.584279001
3/4/19,0.565452993
4/4/19,0.542240024
5/4/19,0.577467978
6/4/19,0.570110023
7/4/19,0.577118993
8/4/19,0.568898976
9/4/19,0.534680009
10/4/19,0.520256996
11/4/19,0.486122996
12/4/19,0.495350003
13/4/19,0.539207995
14/4/19,0.528739989
15/4/19,0.492213994
16/4/19,0.503054023
17/4/19,0.500258982
18/4/19,0.524362028
19/4/19,0.514270008
20/4/19,0.515661001
21/4/19,0.49949801
22/4/19,0.496663988
23/4/19,0.481483012
24/4/19,0.478312999
25/4/19,0.445506006
26/4/19,0.436926007
27/4/19,0.441570997
28/4/19,0.448217988
29/4/19,0.433501005
30/4/19,0.473170012
1/5/19,0.476024985
2/5/19,0.463420987
3/5/19,0.51216501
4/5/19,0.494994998
5/5/19,0.506978989
6/5/19,0.578119993
7/5/19,0.544723988
8/5/19,0.591536999
9/5/19,0.639849007
10/5/19,0.671459973
11/5/19,0.678822994
12/5/19,0.657989979
13/5/19,0.646696985
14/5/19,0.82308197
15/5/19,0.845574021
16/5/19,0.92612499
17/5/19,0.887731016
18/5/19,0.934153974
19/5/19,0.994350016
20/5/19,1.12893796
21/5/19,1.18592298
22/5/19,1.220044017
23/5/19,1.344990969
24/5/19,1.336959958
25/5/19,1.129312038
26/5/19,1.087064981
27/5/19,1.211011052
28/5/19,1.275388956
29/5/19,1.182788014
30/5/19,1.024750948
31/5/19,1.021520019
1/6/19,0.965131998
2/6/19,1.012434006
3/6/19,0.910969019
4/6/19,0.883249998
5/6/19,1.077118039
6/6/19,1.119632959
7/6/19,1.17761302
8/6/19,1.152619958
9/6/19,1.073253036
10/6/19,1.191715956
11/6/19,1.138304949
12/6/19,1.142758965
13/6/19,1.847919941
14/6/19,1.676558018
15/6/19,1.721302986
16/6/19,1.673431993
17/6/19,1.971634984
18/6/19,1.818536997
19/6/19,1.838441014
20/6/19,1.765550971
21/6/19,1.702870965
22/6/19,1.838552952
23/6/19,1.801375031
24/6/19,1.860334039
25/6/19,2.189712048
26/6/19,2.261559963
27/6/19,2.26760602
28/6/19,2.961826086
29/6/19,3.703151941
30/6/19,3.446888924
1/7/19,3.591973066
2/7/19,3.645436049
3/7/19,3.533164024
4/7/19,3.484890938
5/7/19,3.622153044
6/7/19,3.476880074
7/7/19,3.314356089
8/7/19,3.335757971
9/7/19,3.112948895
10/7/19,3.118319035
11/7/19,2.827140093
12/7/19,3.173851013
13/7/19,3.17048502
14/7/19,2.78737998
15/7/19,2.728492022
16/7/19,2.197649956
17/7/19,2.379703999
18/7/19,2.679090977
19/7/19,2.608850956
20/7/19,2.644640923
21/7/19,2.550354958
22/7/19,2.425729036
23/7/19,2.370990992
24/7/19,2.405395985
25/7/19,2.384253025
26/7/19,2.403562069
27/7/19,2.258480072
28/7/19,2.217729092
29/7/19,2.140304089
30/7/19,2.089138985
31/7/19,2.196837902
1/8/19,2.18125701
2/8/19,2.399795055
3/8/19,2.425478935
4/8/19,2.497683048
5/8/19,2.484375
6/8/19,2.460669994
7/8/19,2.391855001
8/8/19,2.289083958
9/8/19,2.179155111
10/8/19,2.322568893
11/8/19,2.396836042
12/8/19,2.379977942
13/8/19,2.413079977
14/8/19,2.271147966
15/8/19,2.412744999
16/8/19,2.321892977
17/8/19,2.39338994
18/8/19,2.499639988
19/8/19,2.505151987
20/8/19,2.380462885
21/8/19,2.216314077
22/8/19,2.229581118
23/8/19,2.253302097
24/8/19,2.185192108
25/8/19,2.085077047
26/8/19,2.07684803
27/8/19,2.107181072
28/8/19,1.900387049
29/8/19,1.783432961
30/8/19,1.806380033
31/8/19,1.790230989
1/9/19,1.775217056
2/9/19,1.833488941
3/9/19,1.854688048
4/9/19,1.785244942
5/9/19,1.797883987
6/9/19,1.731495976
7/9/19,1.776960015
8/9/19,1.830963969
9/9/19,1.796893001
10/9/19,1.802129984
11/9/19,1.734827042
12/9/19,1.707638979
13/9/19,1.580932975
14/9/19,1.565104961
15/9/19,1.617524981
16/9/19,1.581434965
17/9/19,1.629438043
18/9/19,1.80982101
19/9/19,1.875869989
20/9/19,1.827749968
21/9/19,1.889405012
22/9/19,1.821400046
23/9/19,1.807347059
24/9/19,1.735808969
25/9/19,1.760189056
26/9/19,1.658975959
27/9/19,1.670161009
28/9/19,1.687368035
29/9/19,1.717219949
30/9/19,1.763507009
1/10/19,1.839308023
2/10/19,2.016659975
3/10/19,1.951038003
4/10/19,1.978818059
5/10/19,1.966004014
6/10/19,2.188102961
7/10/19,2.401859045
8/10/19,2.578110933
9/10/19,2.803853035
10/10/19,2.635488033
11/10/19,2.77236104
12/10/19,2.607122898
13/10/19,2.497457981
14/10/19,2.539666891
15/10/19,2.39479208
16/10/19,2.391248941
17/10/19,2.424113035
18/10/19,2.358566999
19/10/19,2.359457016
20/10/19,2.441463947
21/10/19,2.632044077
22/10/19,2.605547905
23/10/19,2.612498999
24/10/19,2.751631975
25/10/19,2.838089943
26/10/19,2.751996994
27/10/19,2.675462008
28/10/19,2.671973944
29/10/19,2.670043945
30/10/19,2.624211073
31/10/19,2.737930059
1/11/19,2.720021963
2/11/19,2.710366011
3/11/19,2.671797991
4/11/19,2.686752081
5/11/19,2.68266201
6/11/19,2.740215063
7/11/19,2.690742016
8/11/19,2.716640949
9/11/19,2.803951025
10/11/19,2.782645941
11/11/19,2.750325918
12/11/19,2.817811012
13/11/19,3.018290043
14/11/19,3.063035965
15/11/19,3.035151958
16/11/19,3.010330915
17/11/19,2.931890965
18/11/19,2.826610088
19/11/19,2.756570101
20/11/19,2.70826602
21/11/19,2.549666882
22/11/19,2.351865053
23/11/19,2.447423935
24/11/19,2.255789995
25/11/19,2.275064945
26/11/19,2.276427984
27/11/19,2.229166031
28/11/19,2.271924973
29/11/19,2.342619896
30/11/19,2.24207592
1/12/19,2.167131901
2/12/19,2.094975948
3/12/19,2.129985094
4/12/19,2.048651934
5/12/19,2.025806904
6/12/19,2.092442036
7/12/19,2.061192036
8/12/19,2.059005976
9/12/19,2.091032028
10/12/19,2.270657063
11/12/19,2.178049088
12/12/19,2.119071007
13/12/19,2.077310085
14/12/19,2.010685921
15/12/19,2.086839914
16/12/19,1.981582999
17/12/19,1.756351948
18/12/19,1.880720973
19/12/19,1.820492983
20/12/19,1.923432946
21/12/19,1.873682976
22/12/19,1.935425043
23/12/19,1.876850009
24/12/19,1.86311996
25/12/19,1.804757953
26/12/19,1.861799955
27/12/19,1.886505961
28/12/19,1.874338031
29/12/19,1.902403951
30/12/19,1.838973999
31/12/19,1.769471049
1/1/20,1.806640029
2/1/20,1.741143942
3/1/20,1.809707999
4/1/20,1.840132952
5/1/20,1.807786942
6/1/20,1.937466025
7/1/20,2.114098072
8/1/20,2.183605909
9/1/20,2.186048985
10/1/20,2.223958969
11/1/20,2.283246994
12/1/20,2.245193005
13/1/20,2.192452908
14/1/20,2.38992691
15/1/20,2.404977083
16/1/20,2.484478951
17/1/20,2.724108934
18/1/20,2.774105072
19/1/20,2.618951082
20/1/20,2.697299004
21/1/20,2.673549891
22/1/20,2.645581961
23/1/20,2.462109089
24/1/20,2.504390001
25/1/20,2.456526041
26/1/20,2.571582079
27/1/20,2.609652042
28/1/20,2.655339003
29/1/20,2.785324097
30/1/20,2.912987947
31/1/20,2.823791027
1/2/20,2.838953018
2/2/20,2.832581043
3/2/20,2.774658918
4/2/20,2.741121054
5/2/20,2.845628977
6/2/20,2.88468194
7/2/20,3.308532
8/2/20,3.414457083
9/2/20,3.477313042
10/2/20,3.411484003
11/2/20,3.975558996
12/2/20,4.025118828
13/2/20,3.874434948
14/2/20,4.414372921
15/2/20,4.304660797
16/2/20,4.504170895
17/2/20,4.297008991
18/2/20,4.543797016
19/2/20,4.40132618
20/2/20,4.27136898
21/2/20,4.292057991
22/2/20,4.102937222
23/2/20,4.243481159
24/2/20,3.913672924
25/2/20,3.513103962
26/2/20,3.600724936
27/2/20,3.948595047
28/2/20,4.161910057
29/2/20,4.108541012
1/3/20,3.879533052
2/3/20,4.215006828
3/3/20,4.583631992
4/3/20,4.644871235
5/3/20,4.721253872
6/3/20,4.678497791
7/3/20,4.344593048
8/3/20,4.089671135
9/3/20,4.063914776
10/3/20,4.08493185
11/3/20,3.817517042
12/3/20,2.064779043
13/3/20,2.421134949
14/3/20,2.143517971
15/3/20,2.109210968
16/3/20,1.779876947
17/3/20,1.842805028
18/3/20,1.887699962
19/3/20,2.246665955
20/3/20,2.247900009
21/3/20,2.271615028
22/3/20,1.988865018
23/3/20,2.237792969
24/3/20,2.307897091
25/3/20,2.259675026
26/3/20,2.295137882
27/3/20,2.174971104
28/3/20,2.136710882
29/3/20,2.025167942
30/3/20,2.153320074
31/3/20,2.270344019
1/4/20,2.278259993
2/4/20,2.301708937
3/4/20,2.305067062
4/4/20,2.326212883
5/4/20,2.277324915
6/4/20,2.513413906
7/4/20,2.717984915
8/4/20,3.139040947
9/4/20,3.321693897
10/4/20,3.217099905
11/4/20,3.282313108
12/4/20,3.462611914
13/4/20,3.369805098
14/4/20,3.236891985
15/4/20,3.129014969
16/4/20,3.468647957
18/4/20,3.783458948
19/4/20,3.637567997
20/4/20,3.458327055
21/4/20,3.47627902
22/4/20,3.678814888
23/4/20,3.725009918
24/4/20,3.804795027
25/4/20,3.80308795
26/4/20,3.71677804
27/4/20,3.641899109
28/4/20,3.675324917
29/4/20,3.90606904
30/4/20,3.720477104
1/5/20,3.783184052
2/5/20,3.822182894
3/5/20,3.722168922
4/5/20,3.76789999
5/5/20,3.687693119
6/5/20,3.63645792
7/5/20,3.754018068
8/5/20,3.822108984
9/5/20,4.040320873
10/5/20,3.761324883
11/5/20,3.585064888
12/5/20,3.692373991
13/5/20,3.760423899
14/5/20,3.799386978
15/5/20,3.674653053
16/5/20,3.760094881
17/5/20,3.784328938
18/5/20,3.885345936
19/5/20,3.922476053
20/5/20,4.071049213
21/5/20,3.847750902
22/5/20,4.070281982
23/5/20,3.955060959
24/5/20,3.836322069
25/5/20,3.86993289
26/5/20,3.836277008
27/5/20,3.857702971
28/5/20,4.025351048
29/5/20,3.986593962
30/5/20,4.168448925
31/5/20,4.129938126
1/6/20,4.380641937
2/6/20,4.386834145
3/6/20,4.490728855
4/6/20,4.433020115
5/6/20,4.377437115
6/6/20,4.342623234
7/6/20,4.349933147
8/6/20,4.457829952
9/6/20,4.450149059
10/6/20,4.420300961
11/6/20,3.97121191
12/6/20,4.090941906
13/6/20,4.114653111
14/6/20,3.955013037
15/6/20,3.933902979
16/6/20,4.048714161
17/6/20,4.163669109
18/6/20,4.168980122
19/6/20,4.079961777
20/6/20,4.170770168
21/6/20,4.189149857
22/6/20,4.467934132
23/6/20,4.806252003
24/6/20,4.719017029
25/6/20,4.814206123
26/6/20,4.680805206
27/6/20,4.426551819
28/6/20,4.563483238
29/6/20,4.617929935
30/6/20,4.569189072
1/7/20,4.698256016
2/7/20,4.846618176
3/7/20,4.744166851
4/7/20,4.8045578
5/7/20,4.742169857
6/7/20,5.365053177
7/7/20,5.712817192
8/7/20,6.475725174
9/7/20,6.104310989
10/7/20,6.138474941
11/7/20,6.11968708
12/7/20,7.309183121
13/7/20,7.182291031
14/7/20,8.10346508
15/7/20,8.643122673
16/7/20,8.337705612
17/7/20,8.280392647
18/7/20,7.959280014
19/7/20,8.065190315
20/7/20,7.272983074
21/7/20,7.28157711
22/7/20,7.466975212
23/7/20,7.87447691
24/7/20,7.432153225
25/7/20,7.657824039
26/7/20,7.499004841
27/7/20,7.095582962
28/7/20,7.223460197
29/7/20,7.116083145
30/7/20,7.416992188
31/7/20,7.772912025
1/8/20,8.304458618
2/8/20,8.271776199
3/8/20,9.164758682
4/8/20,9.821836472
5/8/20,9.558773994
6/8/20,10.14025497
7/8/20,10.06336498
8/8/20,12.68920708
9/8/20,13.85320473
10/8/20,13.44103527
11/8/20,13.10599041
12/8/20,16.62154388
13/8/20,17.32600212
14/8/20,16.92643166
15/8/20,19.09875107
16/8/20,18.80418587
17/8/20,16.70554543
18/8/20,16.24137497
19/8/20,16.23998451
20/8/20,16.09129715
21/8/20,13.80085564
22/8/20,15.96019173
23/8/20,15.17467594
24/8/20,15.1833601
25/8/20,14.21681118
26/8/20,15.25175476
27/8/20,14.49771118
28/8/20,15.15606117
29/8/20,16.56707764
30/8/20,16.47296333
31/8/20,15.70848846
1/9/20,16.12149239
2/9/20,14.89739704
3/9/20,12.01667786
4/9/20,12.49286556
5/9/20,10.61147213
6/9/20,12.91372871
7/9/20,12.42657661
8/9/20,11.78503227
9/9/20,12.37729263
10/9/20,12.5513134
11/9/20,12.50149727
12/9/20,12.76903057
13/9/20,11.99354553
14/9/20,12.11957932
15/9/20,10.97815418
16/9/20,10.76181602
17/9/20,10.98888016
18/9/20,10.08164215
19/9/20,10.14727688
20/9/20,9.768121719
21/9/20,8.759941101
22/9/20,8.764184952
23/9/20,7.685820103
24/9/20,9.833250999
25/9/20,10.71544456
26/9/20,10.33521461
27/9/20,10.77376366
28/9/20,10.31758785
29/9/20,10.11119747
30/9/20,9.857670784
1/10/20,9.64744854
2/10/20,9.233119965
3/10/20,9.305865288
4/10/20,9.424563408
5/10/20,9.646208763
6/10/20,8.780579567
7/10/20,8.982042313
8/10/20,9.547591209
10/10/20,10.52479267
11/10/20,10.84740734
14/10/20,10.94910908
15/10/20,10.73775196
16/10/20,10.61954975
17/10/20,10.65252399
18/10/20,10.88071346
19/10/20,10.88628292
20/10/20,9.878593445
21/10/20,10.80460739
22/10/20,11.93933487
23/10/20,12.16379547
24/10/20,12.73154831
25/10/20,12.16005898
26/10/20,11.74790192
27/10/20,11.9738369
28/10/20,11.4617424
29/10/20,11.26514053
30/10/20,11.09855747
31/10/20,11.22083855
1/11/20,11.53662968
2/11/20,10.79757881
3/11/20,10.38700199
4/11/20,10.47258663
5/11/20,10.99066925
6/11/20,12.11807156
7/11/20,11.75722408
8/11/20,12.65603542
9/11/20,12.52073479
10/11/20,13.00346279
11/11/20,12.80753803
12/11/20,12.42322254
13/11/20,12.8879776
14/11/20,12.57695961
15/11/20,12.12181282
16/11/20,12.59078979
17/11/20,13.24471188
18/11/20,13.59299564
19/11/20,13.62188244
20/11/20,14.07827282
21/11/20,15.35593414
22/11/20,14.44480133
23/11/20,15.27084446
24/11/20,15.6206646
25/11/20,14.26096535
26/11/20,12.57536316
27/11/20,12.49025917
28/11/20,13.07834625
29/11/20,13.37291813
30/11/20,14.22563934
1/12/20,13.38953495
2/12/20,13.98736572
3/12/20,13.97472095
4/12/20,12.74124527
5/12/20,13.17303753
6/12/20,13.49239731
7/12/20,13.08094883
8/12/20,12.14571381
9/12/20,12.63339043
10/12/20,11.92219925
11/12/20,11.66010571
12/12/20,12.20915699
13/12/20,12.93370342
14/12/20,12.8275528
15/12/20,12.70547104
16/12/20,13.451087
17/12/20,13.46713257
18/12/20,13.51119328
19/12/20,13.49218655
20/12/20,13.07007408
21/12/20,12.34199524
22/12/20,12.79393291
23/12/20,10.83131218
24/12/20,11.57545376
25/12/20,11.54668522
26/12/20,10.96487427
27/12/20,12.12970829
28/12/20,12.62838078
29/12/20,11.77112484
30/12/20,11.25357533
31/12/20,11.27053833
1/1/21,11.87255478
2/1/21,12.22013664
3/1/21,13.65017223
4/1/21,13.57106304
5/1/21,14.53986835
6/1/21,17.15525627
7/1/21,16.03196716
8/1/21,15.28808498
9/1/21,17.60751343
10/1/21,16.2474308
11/1/21,14.5569334
12/1/21,13.91584873
13/1/21,15.9300909
14/1/21,17.82625008
15/1/21,20.70972633
16/1/21,20.21839714
17/1/21,23.16677284
18/1/21,22.03626251
19/1/21,20.75409317
20/1/21,21.84677696
21/1/21,18.42427254
22/1/21,21.62949753
23/1/21,24.76153183
24/1/21,24.70185852
25/1/21,23.54012108
26/1/21,23.02586365
27/1/21,21.07044792
28/1/21,23.66422653
29/1/21,22.77344322
30/1/21,23.59402847
31/1/21,22.59843445
1/2/21,22.83964157
2/2/21,23.71361351
3/2/21,25.07303429
4/2/21,24.4989624
5/2/21,26.36332512
6/2/21,25.04932976
7/2/21,24.79012108
8/2/21,25.45610237
9/2/21,27.59421539
10/2/21,26.85959625
11/2/21,27.87423897
12/2/21,30.64073944
13/2/21,34.1019783
14/2/21,33.29032135
15/2/21,32.57589722
16/2/21,31.97348022
17/2/21,32.25679779
18/2/21,32.44149399
19/2/21,34.71520996
20/2/21,34.1098175
21/2/21,34.15274048
22/2/21,31.53080559
23/2/21,25.80034256
24/2/21,28.08671951
25/2/21,24.66804695
26/2/21,25.18731308
27/2/21,26.23509789
28/2/21,24.66353226
1/3/21,27.60706139
2/3/21,28.51118279
3/3/21,29.99002838
4/3/21,27.71873856
5/3/21,27.87541389
6/3/21,28.16510391
7/3/21,28.54821205
8/3/21,31.69816017
9/3/21,31.49925232
10/3/21,29.94671631
11/3/21,30.07517433
12/3/21,28.46152306
13/3/21,29.7792263
14/3/21,28.7894249
15/3/21,27.49176216
16/3/21,27.91741943
17/3/21,31.0097599
18/3/21,29.50481224
19/3/21,29.90987587
20/3/21,29.67692566
21/3/21,29.27283859
22/3/21,27.39811325
23/3/21,26.91505814
24/3/21,25.05388451
25/3/21,25.69628716
26/3/21,27.40156746
27/3/21,26.8795433
28/3/21,26.69699478
29/3/21,28.05256844
30/3/21,27.90404892
31/3/21,29.35113716
1/4/21,30.23321915
2/4/21,32.5332489
3/4/21,29.53488922
4/4/21,30.95728111
5/4/21,32.39665604
6/4/21,34.79787827
7/4/21,31.17518425
8/4/21,32.74489975
9/4/21,31.63246727
10/4/21,31.89926147
11/4/21,33.91918182
12/4/21,33.10542679
13/4/21,35.45663452
14/4/21,41.42370987
15/4/21,42.75316238
16/4/21,42.10155487
17/4/21,40.3720665
18/4/21,39.06591034
19/4/21,35.87938309
20/4/21,38.950634
21/4/21,36.43635941
22/4/21,35.23340607
23/4/21,35.05847931
24/4/21,31.12519836
25/4/21,31.5406208
26/4/21,35.13598633
27/4/21,36.80806732
28/4/21,36.22083664
29/4/21,36.44501877
30/4/21,38.12850571
1/5/21,41.11626053
2/5/21,39.50485611
3/5/21,42.05980682
4/5/21,45.68613815
5/5/21,49.42929459
6/5/21,47.12740326
7/5/21,49.31119919
8/5/21,48.60890579
9/5/21,52.19869614
10/5/21,46.46869659
11/5/21,48.75476456
12/5/21,41.03371048
13/5/21,43.08983231
14/5/21,46.5469017
15/5/21,41.4983139
16/5/21,40.73714828
17/5/21,37.19443893
18/5/21,42.54531479
19/5/21,26.70195961
20/5/21,30.78122902
21/5/21,25.57757759
22/5/21,23.29215813
23/5/21,20.00837326
24/5/21,26.36295891
25/5/21,27.62983894
26/5/21,33.98487473
27/5/21,31.51471329
28/5/21,27.95169258
29/5/21,25.39863968
30/5/21,26.8696022
31/5/21,32.0885849
1/6/21,30.69901276
2/6/21,30.6563015
3/6/21,32.19055939
4/6/21,28.8757534
5/6/21,27.12679672
6/6/21,27.55157661
7/6/21,24.52721024
8/6/21,24.17489815
9/6/21,25.56934166
10/6/21,23.1006794
11/6/21,21.47896767
12/6/21,21.68654633
13/6/21,23.33760071
14/6/21,23.86089897
15/6/21,26.08422661
16/6/21,23.01507759
17/6/21,23.35679054
18/6/21,21.21115112
19/6/21,20.42398262
20/6/21,21.73541641
21/6/21,17.42409706
22/6/21,16.80649185
23/6/21,18.38720322
24/6/21,19.03735733
25/6/21,16.93096733
26/6/21,16.95522118
27/6/21,18.3441391
28/6/21,18.77398872
29/6/21,19.46001053
30/6/21,19.49723625
1/7/21,18.27329254
2/7/21,18.28356171
3/7/21,18.53881836
4/7/21,19.26283836
5/7/21,18.37158966
6/7/21,20.08046532
7/7/21,19.76412773
8/7/21,18.42205048
9/7/21,18.63038445
10/7/21,18.20778847
11/7/21,18.3639679
12/7/21,17.550354
13/7/21,16.86616135
14/7/21,16.94568253
15/7/21,15.68165207
16/7/21,15.26286507
17/7/21,15.36005592
18/7/21,15.50241184
19/7/21,14.50906181
20/7/21,13.77589703
21/7/21,15.26847744
22/7/21,16.08571815
23/7/21,16.51156235
24/7/21,16.70583153
25/7/21,16.75965881
26/7/21,18.08965302
27/7/21,19.49963379
28/7/21,19.03027344
29/7/21,19.34584999
30/7/21,22.31596184
31/7/21,22.75370216
1/8/21,22.12683868
2/8/21,23.48034859
3/8/21,23.87595749
4/8/21,24.1888752
5/8/21,24.05049515
6/8/21,23.85933495
7/8/21,24.63165283
8/8/21,23.04560852
9/8/21,24.2872467
10/8/21,24.56628609
11/8/21,25.94653893
12/8/21,24.91723442
13/8/21,27.73313713
14/8/21,27.15542221
15/8/21,27.90401268
16/8/21,28.08433914
17/8/21,26.15813637
18/8/21,25.51289558
19/8/21,27.06476021
20/8/21,28.70184135
21/8/21,27.86159134
22/8/21,28.02281761
23/8/21,28.55410194
24/8/21,25.75219727
25/8/21,26.5204792
26/8/21,24.42632675
27/8/21,26.0182991
28/8/21,25.72908974
29/8/21,25.81366158
30/8/21,24.98093414
31/8/21,26.75070763
1/9/21,29.73518181
2/9/21,29.98524475
3/9/21,30.78426552
4/9/21,29.89782333
5/9/21,33.50342941
6/9/21,34.7848587
7/9/21,28.11425018
8/9/21,27.15100861
9/9/21,27.97862816
10/9/21,26.38752365
11/9/21,27.04114914
12/9/21,29.37924385
13/9/21,26.91848183
14/9/21,30.74616432
15/9/21,30.77960014
16/9/21,29.82655144
17/9/21,27.69459724
18/9/21,28.39057732
19/9/21,27.39574814
20/9/21,23.43109894
21/9/21,21.432621
22/9/21,24.49307251
23/9/21,25.45398331
24/9/21,23.28073883
25/9/21,24.52366066
26/9/21,24.60215569
27/9/21,23.06629753
28/9/21,22.1019001
29/9/21,22.8805294
30/9/21,23.98634911