Date,Cryptocurrency,Crackdown,Crypto,Blockchain,Digital currency,Crypto Mining,DeFi,Altcoins,Smart contracts,Stablecoin,Bittrex,Coinbase,Vitalik,Satoshi,Cryptocurrency regulation,Gary Gensler,Tesla,Elon Musk,Whales,Decentralised finance,Distributed ledger,Halving,ICO,China Digital Currency
1/10/17,8,4,3,21,8,5,20,4,3,0,15,1,3,27,0,0,8,3,25,0,0,0,18,0
2/10/17,10,2,3,32,33,6,23,4,3,0,22,1,2,23,6,0,8,3,21,0,16,0,27,0
3/10/17,12,1,3,32,16,9,26,7,6,0,17,1,2,21,6,0,9,3,20,0,16,0,22,42
4/10/17,8,2,3,36,16,8,24,7,13,0,16,1,2,20,0,8,9,3,24,0,16,1,27,0
5/10/17,9,3,2,33,13,8,27,2,4,0,17,1,1,18,0,0,8,3,22,0,32,1,23,0
6/10/17,10,1,2,31,14,7,22,4,10,0,14,1,4,19,0,0,10,4,21,0,0,1,24,0
7/10/17,8,0,2,26,23,9,23,4,2,0,15,1,4,20,0,0,10,3,22,0,18,0,20,0
8/10/17,8,1,2,22,30,7,18,4,2,0,17,1,4,17,7,0,9,3,26,0,54,1,22,0
9/10/17,10,3,3,33,29,5,19,2,7,0,16,1,4,25,6,0,9,3,28,0,31,0,25,0
10/10/17,8,1,3,44,23,14,28,5,6,0,16,1,2,17,6,0,9,2,26,0,93,1,27,0
11/10/17,10,1,3,42,7,3,26,5,4,0,16,1,1,23,0,0,8,2,26,0,0,1,24,0
12/10/17,11,2,3,38,20,5,24,9,6,1,19,2,3,30,0,0,8,2,24,0,14,1,25,0
13/10/17,12,2,3,42,27,8,22,9,9,0,23,2,2,30,0,0,9,2,29,0,8,0,22,22
14/10/17,10,2,3,29,15,8,17,7,4,1,18,2,2,34,0,0,10,2,23,0,0,0,17,0
15/10/17,12,2,3,28,23,7,24,21,0,0,18,2,1,27,0,0,9,2,24,0,7,0,19,0
16/10/17,12,1,3,40,21,10,23,11,7,0,21,2,4,24,3,0,9,2,21,0,30,0,25,0
17/10/17,12,2,3,44,19,9,24,16,7,0,24,2,5,29,0,0,8,2,22,0,28,1,27,0
18/10/17,12,2,3,42,28,4,20,10,9,0,18,2,7,21,0,0,7,2,23,0,57,1,26,44
19/10/17,10,2,3,40,27,11,20,18,5,0,17,1,3,26,3,0,8,2,24,0,31,0,25,0
20/10/17,11,2,3,37,16,9,23,8,5,0,20,2,4,27,0,0,8,2,23,0,8,0,25,0
21/10/17,10,1,3,28,13,10,23,18,6,0,22,2,4,32,0,0,8,2,22,0,0,0,22,9
22/10/17,9,2,3,32,23,13,21,11,9,0,20,2,2,31,3,0,7,2,20,0,0,1,20,0
23/10/17,11,1,2,42,31,4,26,11,5,0,23,2,2,24,0,0,9,2,24,0,54,1,28,0
24/10/17,12,2,3,47,39,11,22,8,4,0,27,2,3,31,0,0,8,2,23,0,30,1,26,0
25/10/17,10,3,3,46,11,10,21,13,4,0,18,2,2,28,9,0,8,2,26,0,27,0,28,0
26/10/17,10,2,2,40,24,7,25,12,8,0,16,1,2,32,0,0,9,2,20,0,29,0,25,0
27/10/17,9,2,3,37,20,7,24,14,4,0,15,1,1,26,0,0,8,2,21,0,21,0,24,8
28/10/17,8,1,2,26,28,5,18,3,2,0,17,1,2,30,4,0,8,1,17,0,0,1,19,0
29/10/17,9,2,2,28,21,7,23,11,4,0,17,1,0,27,0,0,8,3,25,0,0,0,19,0
30/10/17,11,2,3,38,27,7,22,11,10,0,16,1,2,27,6,0,8,2,22,0,22,1,25,0
31/10/17,12,3,3,37,29,15,21,7,5,1,18,2,2,34,0,0,8,2,23,0,6,1,28,0
1/11/17,12,1,4,44,15,15,20,6,4,0,17,2,4,31,0,0,9,2,24,0,14,1,23,0
2/11/17,16,2,3,49,39,13,24,12,4,0,19,4,3,32,0,4,11,2,28,0,29,2,25,0
3/11/17,16,2,3,50,13,16,23,25,3,0,21,3,3,40,0,0,10,2,21,0,14,0,27,0
4/11/17,12,2,3,34,25,8,19,10,0,0,17,2,5,33,3,4,8,2,21,0,0,0,20,24
5/11/17,12,3,3,37,22,8,23,22,2,0,18,2,7,42,0,0,7,2,26,0,7,1,22,0
6/11/17,12,3,3,50,30,16,20,12,6,0,17,2,2,33,0,0,8,2,31,0,51,0,27,0
7/11/17,14,6,3,45,23,14,22,16,4,0,24,2,3,37,3,0,8,2,21,0,7,1,29,0
8/11/17,14,3,3,48,25,10,26,28,8,0,22,3,5,28,0,0,9,5,30,0,20,1,28,28
9/11/17,14,4,4,43,35,7,25,20,9,0,25,3,1,33,6,0,9,6,23,0,35,0,29,0
10/11/17,14,3,4,47,18,10,29,28,5,0,22,2,1,29,0,0,8,4,17,0,36,1,25,0
11/11/17,12,2,3,34,23,13,20,11,4,0,25,2,3,37,0,0,8,3,22,0,0,0,22,0
12/11/17,15,3,4,37,21,14,21,13,8,0,30,3,2,38,6,0,9,3,21,0,7,1,16,0
13/11/17,14,2,4,46,24,9,25,21,1,0,26,2,3,35,0,0,8,2,30,0,15,1,27,0
14/11/17,14,2,4,42,17,15,26,9,12,0,24,2,10,39,6,0,9,2,21,0,28,1,28,0
15/11/17,14,2,4,48,22,10,27,13,5,0,26,2,5,30,5,0,9,2,28,0,43,1,28,0
16/11/17,14,2,4,43,23,16,28,16,10,0,27,2,3,31,8,0,11,3,29,0,14,1,28,0
17/11/17,16,2,3,44,29,11,23,13,4,0,22,3,5,36,0,0,51,7,29,0,29,0,24,0
18/11/17,14,2,4,32,19,16,23,15,2,0,28,2,4,32,3,0,28,5,24,0,0,1,22,0
19/11/17,14,1,4,28,28,12,19,12,2,0,27,2,6,34,0,0,18,3,32,0,7,1,22,0
20/11/17,16,2,5,47,32,17,26,19,6,0,30,3,3,37,3,0,20,3,25,0,14,0,33,0
21/11/17,17,3,5,57,41,15,19,16,2,0,30,3,5,32,0,0,17,3,22,0,42,0,33,8
22/11/17,15,2,4,49,22,14,20,12,2,0,27,3,4,29,0,0,14,2,21,0,22,1,32,0
23/11/17,16,3,4,46,20,7,21,10,4,0,31,2,4,31,0,0,13,3,18,0,0,1,31,0
24/11/17,16,3,4,42,40,13,20,11,5,0,27,3,2,38,6,0,12,3,20,0,14,0,22,0
25/11/17,18,3,4,36,23,21,14,27,4,0,33,3,4,40,0,0,12,2,18,0,16,0,28,0
26/11/17,20,4,4,39,36,16,20,17,5,0,34,4,4,49,0,0,11,3,26,0,7,1,25,0
27/11/17,25,2,6,59,29,17,20,18,5,0,40,5,3,48,3,0,10,3,25,0,13,1,30,0
28/11/17,31,2,6,59,42,22,25,26,11,0,46,6,5,64,6,0,11,4,22,0,36,1,38,0
29/11/17,40,2,8,74,59,20,18,37,1,0,55,14,4,91,0,0,10,3,21,0,20,1,36,0
30/11/17,30,3,6,71,51,20,26,28,7,0,42,9,6,54,0,0,10,3,24,0,35,1,32,0
1/12/17,29,3,6,59,41,21,20,19,11,0,34,7,4,67,12,0,10,4,28,0,22,0,34,0
2/12/17,26,1,6,48,24,22,20,30,6,0,38,5,3,47,0,0,11,3,19,0,9,1,27,0
3/12/17,27,2,7,46,9,13,17,31,7,0,42,5,4,72,3,0,10,3,28,0,39,1,28,0
4/12/17,33,2,8,62,42,31,26,31,8,3,45,6,3,64,8,0,10,3,22,0,62,1,39,0
5/12/17,34,2,9,64,42,19,23,23,5,0,48,6,4,61,0,0,9,2,24,0,35,2,37,0
6/12/17,37,1,11,75,45,26,24,42,9,0,60,10,5,66,11,0,9,2,26,0,6,1,31,0
7/12/17,50,2,12,100,72,35,22,54,11,0,71,20,6,95,3,0,9,2,19,0,33,1,38,20
8/12/17,44,1,11,86,70,38,23,41,15,0,60,16,4,100,0,0,10,2,24,0,38,1,30,0
9/12/17,45,2,10,72,68,37,20,34,6,0,57,13,4,80,0,0,9,2,24,0,7,0,31,0
10/12/17,37,2,8,67,62,20,17,25,7,0,40,9,4,84,0,0,9,3,28,0,8,1,25,0
11/12/17,42,1,10,76,47,29,28,43,9,0,50,11,4,76,3,0,8,2,23,0,13,2,38,0
12/12/17,67,1,13,84,86,46,20,52,8,0,76,23,8,73,6,0,9,2,27,0,20,1,40,0
13/12/17,68,2,14,81,72,32,26,48,16,0,82,19,5,88,3,0,9,2,22,0,34,1,43,0
14/12/17,66,3,13,81,61,33,22,52,5,0,93,15,6,83,6,0,8,2,24,0,60,1,41,0
15/12/17,58,3,12,77,58,34,21,47,8,3,78,13,5,73,6,0,9,2,19,0,50,0,42,0
16/12/17,52,1,12,62,65,28,18,57,8,1,70,12,6,77,3,0,8,2,18,0,9,0,35,0
17/12/17,57,1,14,68,45,34,23,73,6,1,89,12,4,92,0,0,8,2,20,0,16,0,38,0
18/12/17,57,4,13,79,52,29,31,57,9,0,76,12,6,82,3,0,8,2,21,0,22,1,44,0
19/12/17,68,3,16,95,48,37,20,69,13,0,89,14,6,92,9,0,10,2,19,0,13,0,47,0
20/12/17,67,2,15,83,59,29,23,77,13,0,95,24,4,85,0,0,9,2,16,0,52,1,46,0
21/12/17,63,1,15,95,49,36,17,56,6,1,94,16,7,80,0,0,9,2,16,0,29,1,48,0
22/12/17,94,3,20,88,66,31,20,57,9,0,81,19,8,67,7,0,9,3,18,0,33,0,34,0
23/12/17,60,2,14,62,53,30,19,69,9,1,80,11,5,79,3,0,11,10,17,0,34,1,41,0
24/12/17,46,2,12,59,34,15,15,40,6,0,67,9,5,81,3,0,10,5,16,0,0,0,36,0
25/12/17,44,1,12,54,28,21,18,53,7,0,77,8,7,80,4,0,10,4,17,0,0,0,43,0
26/12/17,46,3,11,62,39,29,21,45,4,1,60,8,5,70,0,0,9,3,21,0,34,0,40,23
27/12/17,50,2,12,64,48,32,18,47,9,0,65,9,3,62,6,0,10,3,19,0,59,0,43,8
28/12/17,48,2,12,61,36,29,14,41,10,1,59,8,6,70,12,0,9,3,19,0,15,0,46,0
29/12/17,53,1,14,62,48,30,15,46,3,0,76,10,8,64,13,0,9,2,24,0,14,1,47,0
30/12/17,62,2,14,53,46,16,16,59,10,1,76,11,11,59,17,0,10,2,20,0,17,1,40,0
31/12/17,50,3,13,40,41,18,14,51,3,0,58,8,5,69,3,0,8,3,22,0,0,0,35,0
1/1/18,45,2,12,42,40,25,12,41,4,0,62,7,4,54,0,0,8,3,18,0,44,0,38,0
2/1/18,62,3,16,62,34,38,16,73,12,0,72,11,9,63,9,0,9,2,21,0,30,0,56,0
3/1/18,76,2,19,74,44,30,20,67,12,0,82,14,6,54,0,0,10,3,20,0,22,0,62,0
4/1/18,88,3,24,74,33,44,22,90,6,0,100,17,6,69,9,0,9,2,18,0,20,1,66,0
5/1/18,80,3,22,74,62,31,21,99,8,0,91,14,10,77,9,0,9,3,23,0,43,1,66,0
6/1/18,77,3,20,63,52,37,23,81,8,0,89,11,9,72,22,0,9,2,22,0,22,0,67,0
7/1/18,70,2,19,64,44,49,20,100,8,1,80,10,6,71,0,0,9,2,24,0,15,1,75,0
8/1/18,77,3,21,75,48,30,24,79,4,2,68,10,9,62,6,0,9,3,26,0,0,0,84,0
9/1/18,72,2,21,81,32,39,26,73,18,1,68,9,11,59,3,0,9,2,27,0,28,0,91,0
10/1/18,70,2,20,93,52,42,24,86,12,0,60,9,9,58,6,0,9,2,23,0,33,1,92,0
11/1/18,76,2,20,84,42,42,26,53,14,3,55,8,9,58,3,0,9,2,23,0,43,1,82,0
12/1/18,57,3,16,71,19,43,25,51,7,0,56,7,6,56,6,0,9,2,26,0,21,0,82,0
13/1/18,53,3,15,54,16,31,22,62,10,0,47,6,4,61,3,0,9,2,24,0,15,0,81,0
14/1/18,54,3,15,60,22,31,22,53,11,1,44,6,9,53,0,0,9,2,24,0,8,1,88,0
15/1/18,46,2,15,64,27,30,24,42,11,0,40,5,8,52,5,0,9,2,26,0,26,0,100,0
16/1/18,100,3,27,72,41,36,31,46,8,1,37,8,7,58,3,0,9,2,21,0,58,1,72,0
17/1/18,91,3,23,76,29,32,26,36,15,2,42,9,7,46,13,0,8,2,22,0,13,1,59,0
18/1/18,63,3,16,76,24,35,25,32,15,1,36,7,7,48,17,0,8,2,27,0,68,1,75,0
19/1/18,48,2,13,65,30,23,19,33,7,1,31,5,3,34,3,0,8,2,25,0,0,0,72,0
20/1/18,40,3,12,46,13,33,17,38,0,0,29,4,4,46,7,0,8,2,25,0,7,0,64,31
21/1/18,43,3,12,50,21,22,20,29,3,0,24,4,6,40,0,0,8,2,22,0,42,0,68,0
22/1/18,42,1,13,62,16,33,22,25,7,0,22,4,4,46,0,0,8,2,26,0,36,0,72,0
23/1/18,43,4,12,62,30,42,22,22,14,0,24,4,5,41,6,0,9,3,26,0,24,1,75,0
24/1/18,40,4,12,58,11,30,22,13,6,0,21,4,5,38,11,0,9,2,25,0,24,1,75,0
25/1/18,37,3,12,59,11,27,29,8,14,2,20,3,5,32,6,0,9,2,29,0,12,1,74,0
26/1/18,35,3,13,49,19,25,19,17,15,0,20,3,4,32,6,0,9,2,23,0,13,0,62,0
27/1/18,32,4,10,46,13,31,21,17,12,2,19,3,3,43,7,0,9,2,20,0,0,0,58,0
28/1/18,33,3,11,44,10,34,17,15,8,0,20,3,8,27,0,0,9,4,26,0,14,0,64,0
29/1/18,33,3,11,62,23,26,22,30,9,2,20,4,5,38,0,0,9,6,28,0,12,1,82,0
30/1/18,36,3,11,54,25,20,20,15,14,2,23,3,3,28,23,0,8,7,24,0,36,1,68,0
31/1/18,37,4,11,52,16,20,19,22,7,0,21,3,2,33,11,0,8,5,28,0,12,1,68,15
1/2/18,48,2,12,52,16,26,25,26,7,0,15,4,10,28,0,3,8,4,33,0,12,1,66,0
2/2/18,61,4,15,52,24,17,18,10,8,0,16,4,6,39,6,0,8,4,32,0,13,1,41,0
3/2/18,33,3,9,35,22,19,20,17,5,2,20,3,3,41,0,0,9,4,27,0,0,0,41,0
4/2/18,31,2,9,37,29,19,21,11,7,0,17,3,4,31,0,0,8,3,21,0,14,1,50,17
5/2/18,46,3,13,46,14,21,27,15,16,2,17,4,1,38,6,0,9,4,30,0,0,1,41,0
6/2/18,56,4,15,47,23,26,27,22,10,4,15,4,3,29,6,0,16,21,24,0,24,0,45,15
7/2/18,34,3,10,50,16,12,20,13,3,0,16,4,2,33,0,0,32,39,25,0,49,0,52,15
8/2/18,29,3,9,55,14,19,19,18,14,2,17,3,5,33,12,0,25,22,29,0,37,1,55,0
9/2/18,28,2,8,44,10,17,19,17,14,0,19,3,2,41,6,0,18,15,25,0,38,0,49,0
10/2/18,28,1,8,32,8,26,13,11,5,0,16,3,5,25,0,0,15,13,24,0,0,0,38,0
11/2/18,25,3,8,31,16,23,18,9,8,0,9,2,5,30,6,0,14,14,28,0,28,0,37,0
12/2/18,27,2,8,42,16,30,33,12,9,0,12,2,1,30,0,0,12,11,26,0,62,0,46,0
13/2/18,22,3,8,47,12,21,22,8,10,0,14,2,2,28,0,0,11,8,23,0,37,0,51,0
14/2/18,26,2,7,43,14,21,28,18,10,0,11,3,4,33,12,0,9,6,20,0,12,1,48,0
15/2/18,26,2,8,52,16,24,27,3,10,0,17,3,9,34,6,0,9,6,27,0,100,0,56,0
16/2/18,22,4,7,49,15,21,22,5,9,0,15,4,2,27,6,3,10,6,22,0,39,0,45,0
17/2/18,22,2,7,35,19,20,20,8,5,0,15,3,6,30,0,0,10,5,20,0,14,0,41,0
18/2/18,20,2,7,35,8,14,19,6,2,0,14,2,4,29,0,0,10,5,24,0,28,0,44,0
19/2/18,19,3,7,48,7,18,27,5,9,0,15,2,5,32,0,0,9,4,26,0,12,1,49,0
20/2/18,24,3,8,52,16,25,20,11,7,0,15,3,4,23,0,0,9,4,26,0,12,0,51,0
21/2/18,28,2,8,48,18,17,16,19,8,0,16,3,5,22,0,0,9,4,19,0,36,1,49,0
22/2/18,22,3,7,47,18,15,20,19,7,2,14,2,4,22,0,0,9,4,32,0,36,0,43,0
23/2/18,21,1,6,42,7,17,25,5,12,0,16,2,5,19,0,0,10,4,24,0,64,0,44,0
24/2/18,18,2,6,33,8,15,19,9,3,0,14,2,3,26,0,0,10,4,20,0,56,0,33,0
25/2/18,18,3,5,33,10,12,25,4,3,0,11,2,3,33,6,0,9,4,24,0,27,0,34,0
26/2/18,19,1,6,48,16,4,22,10,17,0,14,2,4,29,6,0,9,3,28,0,24,2,48,0
27/2/18,16,4,6,50,7,15,28,3,13,0,15,2,2,25,11,0,8,3,28,0,48,1,45,0
28/2/18,18,4,6,45,7,21,20,11,10,2,17,2,5,39,6,0,8,3,29,0,0,0,48,0
1/3/18,15,5,6,45,11,9,26,2,7,0,14,2,3,22,0,0,9,3,30,0,24,0,47,0
2/3/18,15,6,6,37,12,12,24,7,3,0,16,2,5,23,0,0,9,3,22,0,13,0,38,0
3/3/18,15,5,5,30,13,14,20,6,8,0,12,2,1,24,0,0,8,3,23,0,14,1,36,0
4/3/18,13,2,5,34,8,27,25,9,5,0,11,2,1,20,13,0,9,3,31,0,0,0,36,0
5/3/18,16,4,6,43,9,7,22,11,13,0,13,4,2,21,6,0,8,2,20,0,36,1,43,0
6/3/18,15,3,6,49,11,14,28,8,11,0,13,3,3,20,6,0,9,3,31,0,48,1,38,0
7/3/18,22,5,7,42,10,23,22,11,7,0,14,3,3,24,0,0,8,3,25,0,0,1,37,0
8/3/18,21,4,6,42,14,11,24,5,12,2,10,2,3,17,0,0,8,3,29,0,12,1,38,0
9/3/18,23,3,7,40,12,11,26,5,9,2,10,2,6,28,12,0,9,3,20,0,77,0,32,16
10/3/18,14,3,5,32,8,15,22,6,2,0,10,2,3,17,0,0,8,3,25,0,14,0,24,0
11/3/18,15,2,5,34,5,21,21,16,13,0,9,1,1,20,0,0,8,5,20,0,0,0,27,0
12/3/18,15,3,5,49,16,16,26,5,4,0,8,1,5,20,0,0,8,6,22,0,12,1,35,0
13/3/18,15,3,6,49,11,13,19,8,4,0,5,1,5,18,6,0,8,4,29,0,72,1,38,15
14/3/18,20,3,6,44,11,17,29,13,10,2,6,2,2,18,0,0,8,4,36,0,36,0,37,0
15/3/18,21,4,7,46,10,23,35,5,10,2,6,2,2,31,6,0,8,3,34,0,36,1,33,0
16/3/18,16,2,5,39,19,15,32,7,1,0,8,1,1,16,0,0,8,3,33,0,13,1,30,0
17/3/18,17,2,5,32,3,6,22,7,15,0,8,1,1,20,0,0,8,2,24,0,14,1,20,0
18/3/18,21,2,6,28,10,15,21,4,2,0,11,2,2,14,0,0,8,3,37,0,0,1,17,0
19/3/18,17,3,6,42,7,19,27,10,1,0,8,2,2,11,6,0,8,3,39,0,24,1,32,0
20/3/18,15,3,6,46,3,15,19,13,6,0,9,2,3,17,0,0,8,3,39,0,24,0,33,0
21/3/18,16,3,5,41,11,11,25,3,6,0,9,1,2,22,0,0,8,3,35,0,12,0,34,0
22/3/18,15,3,5,47,10,9,28,0,6,0,7,1,2,25,6,0,8,3,33,0,12,1,31,0
23/3/18,13,2,5,43,22,10,26,3,9,0,6,1,1,19,6,0,9,5,62,0,25,0,32,0
24/3/18,12,3,4,30,3,9,19,11,2,0,9,1,4,20,13,0,9,6,54,0,14,0,21,0
25/3/18,11,3,4,24,3,15,24,4,3,0,10,1,1,20,0,0,8,4,42,0,14,0,21,0
26/3/18,15,3,5,37,11,13,26,3,9,0,6,1,1,17,6,0,8,4,35,0,0,0,31,0
27/3/18,15,4,5,42,14,7,29,8,9,0,9,1,0,23,6,0,9,4,37,0,12,1,29,0
28/3/18,14,5,5,43,7,14,24,2,5,0,8,1,2,17,12,0,13,3,28,0,51,1,31,0
29/3/18,19,4,5,37,7,9,33,3,3,2,9,1,2,17,12,0,12,3,31,0,13,0,27,0
30/3/18,18,2,6,32,11,9,33,8,8,4,7,1,1,18,0,0,12,3,23,0,14,0,26,0
31/3/18,11,2,4,25,6,10,25,10,6,4,6,1,1,23,9,0,11,3,30,0,37,1,23,9
1/4/18,13,3,4,24,6,11,25,9,6,0,6,1,1,19,3,0,11,4,27,0,0,0,20,0
2/4/18,13,3,4,33,3,13,25,12,15,0,8,1,3,22,31,0,14,5,24,0,20,0,25,0
3/4/18,13,4,5,41,12,12,19,1,4,0,9,1,6,18,8,0,12,4,27,0,6,0,29,0
4/4/18,12,3,4,42,11,10,28,6,7,0,6,1,6,23,5,0,10,3,27,0,36,0,31,0
5/4/18,15,3,5,38,7,13,31,4,8,0,8,2,3,34,8,0,9,3,29,0,0,0,27,0
6/4/18,15,3,5,40,14,7,28,6,4,0,7,2,2,26,0,0,9,3,28,0,14,0,24,0
7/4/18,12,2,4,24,8,6,25,5,14,0,6,1,3,33,0,0,8,3,26,0,36,0,16,0
8/4/18,10,3,4,25,8,13,20,2,7,0,7,1,2,23,0,5,8,3,25,0,14,0,20,0
9/4/18,13,3,5,38,10,16,26,1,12,1,7,1,4,16,7,0,8,2,29,0,12,0,28,0
10/4/18,11,3,4,42,5,19,29,5,3,2,13,1,3,19,20,0,8,2,28,0,0,1,27,0
11/4/18,10,3,4,41,19,8,24,1,7,2,14,1,2,16,5,2,8,2,35,0,18,0,24,0
12/4/18,14,3,5,39,12,8,22,8,17,0,13,1,1,23,0,0,9,2,25,0,50,0,27,0
13/4/18,14,3,5,36,7,11,25,0,6,2,12,1,1,17,0,0,9,3,27,0,0,0,25,0
14/4/18,9,2,4,24,9,7,26,5,3,0,12,1,3,14,6,0,8,3,20,0,7,0,20,0
15/4/18,10,2,4,27,8,5,21,4,3,0,9,1,3,53,0,0,8,2,28,0,50,0,24,0
16/4/18,10,2,5,40,12,11,20,9,5,0,13,1,1,33,5,0,8,2,22,0,12,0,28,0
17/4/18,14,1,5,42,8,18,19,13,15,0,12,2,0,27,3,0,9,2,24,0,25,0,29,0
18/4/18,14,3,5,43,17,14,20,6,10,0,12,1,3,21,18,0,9,3,27,0,31,0,30,0
19/4/18,13,3,5,44,7,11,30,4,11,0,11,1,3,24,0,0,9,3,28,0,25,1,26,0
20/4/18,14,2,5,38,11,9,26,14,9,1,12,2,3,18,0,0,8,2,32,0,26,0,27,0
21/4/18,12,3,4,27,19,8,25,17,4,0,10,1,2,24,0,0,8,2,22,0,14,0,20,0
22/4/18,10,3,4,31,12,10,22,6,5,0,10,2,3,22,0,0,8,2,34,0,43,1,23,0
23/4/18,13,4,4,45,13,9,30,9,11,0,10,1,5,23,5,6,8,2,31,0,18,0,29,0
24/4/18,16,2,6,45,11,11,29,11,9,1,16,2,5,22,3,5,8,2,27,0,25,0,31,0
25/4/18,14,3,6,43,11,9,22,9,7,0,10,2,2,24,3,3,8,2,28,0,18,0,30,0
26/4/18,12,3,5,39,7,11,25,8,6,3,10,1,3,23,13,0,7,2,29,0,31,1,28,16
27/4/18,12,4,5,39,7,10,21,8,5,0,11,1,4,12,3,2,8,2,27,0,20,1,27,0
28/4/18,12,2,4,25,14,17,23,2,8,0,13,1,4,22,7,0,8,2,26,0,14,0,23,0
29/4/18,12,3,5,28,9,9,26,10,3,1,11,1,3,13,0,0,8,2,23,0,14,0,21,0
30/4/18,12,3,5,39,13,18,21,11,5,3,10,1,5,19,0,0,8,2,23,0,0,0,32,0
1/5/18,12,3,6,39,5,9,31,12,11,0,11,1,2,20,5,0,8,2,29,0,26,0,29,0
2/5/18,11,4,5,42,11,14,26,12,9,0,11,1,1,21,0,0,10,2,32,0,24,1,33,0
3/5/18,11,2,5,45,14,10,23,5,11,0,10,1,2,12,5,0,13,4,27,0,31,1,34,0
4/5/18,12,2,5,34,12,7,24,10,5,0,11,2,4,12,0,0,10,3,27,0,26,0,33,0
5/5/18,11,2,5,26,7,4,27,4,8,0,11,1,4,20,6,0,9,2,23,0,14,0,23,0
6/5/18,11,2,4,28,8,7,17,9,7,0,11,1,4,18,9,0,8,3,24,0,21,1,25,0
7/5/18,12,2,6,37,8,13,22,7,7,0,8,1,2,16,0,0,8,4,25,0,44,0,25,0
8/5/18,12,3,5,40,6,12,39,8,7,3,9,1,2,18,5,5,9,15,28,0,18,1,36,0
9/5/18,11,1,5,46,13,14,30,3,7,0,10,1,3,19,3,0,9,10,28,0,37,1,34,0
10/5/18,12,2,5,38,4,13,38,11,6,0,8,1,2,25,0,2,9,6,32,0,7,1,33,0
11/5/18,15,2,6,40,6,9,34,8,8,0,7,1,1,16,0,0,9,5,27,0,7,0,31,0
12/5/18,12,3,5,26,10,11,30,2,7,0,8,1,1,15,0,0,9,5,23,0,0,1,24,0
13/5/18,11,3,4,27,8,9,31,8,9,0,8,1,5,17,0,0,9,4,25,0,7,0,24,0
14/5/18,12,3,6,47,9,9,33,10,9,1,7,1,4,15,0,0,9,3,31,0,12,1,33,0
15/5/18,12,5,5,44,3,17,47,5,5,0,8,1,2,15,0,0,9,3,27,0,12,1,34,0
16/5/18,11,2,5,52,9,12,31,6,9,2,7,1,1,15,0,0,9,2,30,0,25,1,33,0
17/5/18,10,2,5,45,5,7,25,10,7,0,6,1,2,18,0,0,9,2,26,0,32,0,35,0
18/5/18,10,3,5,38,9,11,29,4,9,1,7,1,3,15,0,0,8,3,24,0,7,0,30,0
19/5/18,9,2,4,28,7,9,24,3,6,0,5,1,2,16,0,0,8,3,27,0,22,0,25,0
20/5/18,8,2,4,27,6,8,24,9,3,0,7,1,3,20,6,0,9,3,26,0,7,0,22,0
21/5/18,9,2,5,38,14,7,24,6,8,1,8,1,3,23,3,0,9,2,24,0,26,0,35,0
22/5/18,9,3,4,41,5,9,48,5,6,2,6,1,4,17,3,0,10,3,30,0,37,0,35,0
23/5/18,12,3,5,38,6,7,36,3,5,0,5,1,3,14,0,0,8,3,25,0,26,1,36,0
24/5/18,9,3,5,39,12,8,25,5,7,1,6,1,3,18,5,0,9,4,27,0,38,0,36,0
25/5/18,9,2,4,34,1,8,27,6,2,1,7,1,5,13,0,0,9,3,23,0,27,0,30,0
26/5/18,7,4,4,20,5,11,27,6,4,2,6,1,1,23,0,0,8,3,22,0,7,0,21,9
27/5/18,9,3,3,24,4,13,26,3,1,0,6,1,2,18,0,0,8,3,21,0,14,0,20,9
28/5/18,10,2,4,36,12,12,28,4,6,1,6,1,1,18,3,3,8,3,24,0,0,0,27,0
29/5/18,10,4,4,43,14,8,27,5,11,1,6,1,2,16,0,0,8,3,25,0,31,0,29,0
30/5/18,10,6,4,41,8,17,24,3,13,0,5,1,2,15,0,0,9,3,30,0,19,1,30,0
31/5/18,10,4,4,39,7,13,36,9,7,0,7,1,2,21,18,0,8,2,29,0,18,0,28,0
1/6/18,9,3,4,36,12,7,26,6,7,0,7,1,3,21,5,0,8,2,21,0,7,0,26,0
2/6/18,6,5,4,27,3,9,25,4,3,0,7,1,1,15,0,0,8,2,26,0,22,0,19,0
3/6/18,8,4,3,24,4,7,25,4,1,0,7,1,2,10,0,0,8,2,30,0,15,1,23,0
4/6/18,8,5,4,38,11,8,29,5,6,0,5,1,2,13,13,0,8,2,27,0,25,0,27,0
5/6/18,9,3,4,43,7,3,27,2,7,1,6,1,2,16,0,5,8,2,28,0,38,0,31,0
6/6/18,10,5,4,40,10,14,27,5,8,0,5,1,1,18,11,0,10,3,33,0,38,1,32,0
7/6/18,8,9,4,39,9,12,45,2,6,1,4,1,2,14,0,0,9,2,29,0,13,0,29,8
8/6/18,8,6,4,33,11,9,29,3,5,1,4,1,2,15,3,0,9,2,19,0,33,0,28,0
9/6/18,8,5,3,24,8,10,31,6,0,0,6,1,0,17,3,0,8,2,23,0,0,0,19,0
10/6/18,10,14,5,21,12,10,29,9,5,0,6,1,1,16,3,0,8,3,29,0,29,0,19,0
11/6/18,11,12,5,36,3,10,29,5,4,0,5,1,4,21,7,0,8,2,25,0,0,0,24,0
12/6/18,11,7,4,39,19,12,26,3,6,1,5,2,2,15,7,0,10,3,23,0,23,0,26,8
13/6/18,12,4,5,33,7,15,27,2,8,0,7,1,2,19,12,0,10,3,25,0,42,1,26,0
14/6/18,11,4,4,34,7,7,52,1,5,0,4,1,2,16,0,0,8,3,22,0,43,0,25,16
15/6/18,8,4,3,32,9,10,38,5,2,0,4,1,2,11,3,0,8,2,17,0,33,0,23,17
16/6/18,7,3,3,23,3,10,35,1,3,0,4,1,1,15,0,0,7,3,21,0,7,0,14,0
17/6/18,7,1,3,21,10,5,25,6,4,0,4,1,0,20,0,0,8,3,25,0,44,0,16,0
18/6/18,7,4,3,33,5,12,25,6,5,0,3,1,1,13,0,0,8,2,27,0,0,0,23,0
19/6/18,9,4,4,35,4,9,23,5,5,1,5,1,3,13,0,0,9,3,26,0,0,0,24,0
20/6/18,9,3,3,35,13,10,19,3,9,3,4,1,1,15,5,0,8,2,18,0,55,0,23,0
21/6/18,8,3,4,37,10,9,37,4,5,3,4,1,2,16,0,0,7,2,18,0,6,0,26,0
22/6/18,10,2,4,31,8,9,29,2,6,0,3,1,2,18,0,0,8,2,22,0,6,0,21,0
23/6/18,9,2,3,21,12,2,25,3,3,0,4,1,2,12,7,0,7,2,21,0,14,0,14,0
24/6/18,9,4,4,24,7,10,21,5,3,0,4,1,1,12,3,0,7,2,24,0,14,0,14,0
25/6/18,7,2,4,36,7,12,24,2,7,1,4,1,0,14,12,0,8,1,21,0,36,0,21,0
26/6/18,8,2,4,33,6,7,22,0,8,1,4,1,2,16,0,0,8,1,18,0,12,0,22,0
27/6/18,8,1,4,37,7,7,20,3,4,0,3,1,3,17,3,0,8,2,24,0,0,0,20,0
28/6/18,9,3,3,35,4,6,30,0,4,0,4,1,1,15,11,0,9,2,20,0,37,0,20,0
29/6/18,8,3,4,33,6,9,24,2,6,0,4,1,0,12,0,0,9,3,22,0,6,0,19,0
30/6/18,8,2,3,23,9,8,23,4,10,0,5,1,0,16,0,0,8,2,26,0,0,0,13,0
1/7/18,6,1,3,24,7,9,20,6,2,1,2,1,2,20,3,0,8,2,26,0,7,0,12,0
2/7/18,8,2,3,31,6,10,22,5,7,0,5,1,0,22,8,0,10,2,20,0,0,0,19,0
3/7/18,8,2,4,34,13,9,15,3,7,2,6,1,2,18,10,0,9,2,20,0,7,0,21,0
4/7/18,8,2,4,36,10,8,19,6,6,3,4,1,1,17,0,0,8,2,28,0,6,0,21,17
5/7/18,8,3,4,32,3,12,28,10,3,2,4,1,2,13,6,0,8,2,28,0,0,0,21,0
6/7/18,8,2,3,31,5,11,20,4,4,0,4,1,2,12,0,0,9,6,25,0,19,0,16,0
7/7/18,5,2,3,19,8,4,18,4,1,0,4,1,4,10,3,0,8,9,21,0,7,0,11,0
8/7/18,8,1,3,19,5,7,24,4,2,0,4,1,6,18,0,0,8,12,28,0,7,0,12,0
9/7/18,7,1,4,31,5,13,21,5,6,0,5,1,4,20,0,0,9,13,18,0,0,0,23,0
10/7/18,8,2,3,31,9,8,21,0,1,0,5,1,2,14,18,0,9,15,24,0,61,0,21,0
11/7/18,7,1,3,36,4,13,21,4,7,0,4,1,1,14,0,0,8,7,31,0,23,0,18,0
12/7/18,7,3,4,35,13,5,22,5,6,0,4,1,1,13,0,0,9,6,27,0,13,0,24,0
13/7/18,6,3,3,31,10,7,30,5,7,0,4,1,1,15,0,0,8,4,31,0,0,0,19,0
14/7/18,6,3,3,20,14,12,16,6,0,0,4,1,1,19,0,0,8,4,22,0,0,0,10,0
15/7/18,6,2,3,20,8,11,20,3,9,0,3,1,3,19,0,0,8,8,30,0,15,0,12,0
16/7/18,7,2,3,31,8,7,24,19,5,0,5,1,0,15,0,0,9,15,26,0,39,0,20,0
17/7/18,10,4,4,35,7,12,24,2,5,2,6,2,2,20,0,0,9,7,21,0,39,0,20,0
18/7/18,10,4,5,44,8,5,20,5,14,2,6,2,2,22,0,0,8,7,25,0,53,0,22,0
19/7/18,9,2,4,36,7,8,34,2,3,0,6,1,2,18,0,0,9,4,20,0,26,0,22,0
20/7/18,9,3,4,33,8,10,29,10,6,0,4,1,2,24,31,6,8,3,20,0,0,0,17,0
21/7/18,6,1,3,21,6,11,21,3,4,0,3,1,1,15,0,0,9,3,23,0,30,0,13,0
22/7/18,7,4,3,20,8,13,16,3,7,0,5,1,4,21,0,0,8,4,27,0,15,0,13,0
23/7/18,7,1,3,34,15,7,23,7,6,0,4,1,2,19,10,0,9,3,28,0,39,0,20,0
24/7/18,9,2,4,41,2,12,40,7,15,5,8,2,0,24,0,0,9,3,18,0,26,0,21,0
25/7/18,9,3,4,40,15,16,22,5,6,0,4,1,2,22,20,0,8,3,35,0,0,0,18,0
26/7/18,8,2,4,38,10,2,42,0,12,0,6,1,1,18,20,0,8,3,27,0,0,0,16,0
27/7/18,9,3,4,32,10,12,29,5,2,2,5,1,1,16,0,0,8,3,30,0,0,0,17,0
28/7/18,7,2,3,23,8,4,21,3,2,6,6,1,3,11,0,0,8,3,32,0,15,0,10,19
29/7/18,7,3,3,22,6,19,23,6,9,0,7,1,0,15,0,0,8,3,31,0,0,0,14,0
30/7/18,6,1,4,34,22,8,22,7,6,2,6,1,3,19,10,0,9,3,28,0,13,0,20,0
31/7/18,9,2,4,32,7,13,21,9,5,2,5,1,5,19,0,0,9,2,24,0,12,0,20,0
1/8/18,7,0,4,36,9,14,20,9,6,0,6,1,3,17,9,0,11,3,26,0,12,0,18,0
2/8/18,8,2,4,35,5,11,36,2,6,2,4,1,3,11,0,0,13,3,27,0,36,0,17,0
3/8/18,7,2,4,30,5,8,26,5,2,0,6,1,1,21,0,0,10,2,23,0,0,0,18,0
4/8/18,7,2,3,17,3,6,20,0,3,0,4,1,0,12,0,0,8,3,25,0,0,0,12,0
5/8/18,6,2,3,22,14,6,17,3,3,0,3,1,2,14,0,0,9,3,34,0,0,0,11,0
6/8/18,8,2,4,34,22,19,24,9,6,0,4,1,1,19,0,0,8,2,28,0,12,0,18,0
7/8/18,7,3,4,34,5,6,20,2,7,2,3,2,3,14,0,0,15,5,24,0,25,0,19,16
8/8/18,10,2,5,33,12,9,18,5,7,0,3,2,1,21,0,0,16,6,27,0,37,0,18,0
9/8/18,7,2,4,32,5,5,35,9,5,0,3,1,2,26,0,0,11,4,35,0,26,0,17,0
10/8/18,8,4,4,32,10,5,26,0,5,0,4,1,1,15,20,0,10,2,21,0,39,0,17,0
11/8/18,10,2,4,20,8,7,18,0,0,0,5,1,3,16,0,0,9,3,26,0,0,0,13,0
12/8/18,6,1,3,23,3,13,27,3,3,3,1,1,1,19,11,0,8,3,30,0,0,0,12,0
13/8/18,7,2,4,33,7,6,26,5,11,2,3,1,2,13,0,0,9,3,24,0,12,0,20,0
14/8/18,12,2,5,35,5,10,22,12,6,2,4,1,3,24,0,0,9,5,27,0,0,0,18,0
15/8/18,9,3,5,32,5,13,21,10,5,0,5,1,2,16,0,6,9,3,25,0,13,0,17,0
16/8/18,8,3,4,32,7,13,52,5,8,0,4,1,6,18,10,0,9,3,22,0,65,0,20,0
17/8/18,8,3,4,32,5,5,35,0,9,2,6,1,4,6,10,0,12,8,26,0,0,0,19,0
18/8/18,6,2,3,22,8,4,33,3,2,0,5,1,2,22,0,0,10,8,31,0,30,0,12,0
19/8/18,6,2,3,19,11,9,25,3,0,3,5,1,2,16,11,0,9,6,27,0,15,1,13,0
20/8/18,6,1,4,30,2,12,29,0,9,2,4,1,0,8,0,0,11,5,26,0,0,0,15,0
21/8/18,8,2,4,32,5,10,29,5,8,0,3,1,1,16,10,0,10,4,23,0,12,0,17,0
22/8/18,9,2,4,32,2,13,24,5,9,0,3,1,1,10,0,0,10,5,26,0,0,0,17,0
23/8/18,6,3,4,33,5,7,30,2,6,0,4,1,3,14,0,0,9,3,21,0,0,0,20,0
24/8/18,7,2,3,31,8,5,43,0,3,3,3,1,1,16,0,0,10,3,22,0,0,0,15,0
25/8/18,6,2,2,22,8,6,27,0,9,3,3,1,1,15,11,0,10,3,23,0,0,0,11,0
26/8/18,6,1,3,20,6,8,28,5,2,0,3,1,0,16,0,0,9,3,22,0,15,0,10,0
27/8/18,7,1,3,33,2,5,34,2,6,0,4,1,3,13,0,0,9,3,29,0,51,1,17,0
28/8/18,7,2,4,35,5,14,26,2,9,0,5,1,2,13,0,0,9,3,22,0,38,0,16,0
29/8/18,7,3,4,42,5,6,30,5,11,0,3,1,0,15,0,0,9,3,25,0,38,0,18,16
30/8/18,7,3,4,38,12,2,40,7,0,0,5,1,1,20,0,0,9,3,23,0,12,0,17,0
31/8/18,7,2,3,29,5,12,30,0,8,0,4,1,3,19,20,0,9,3,27,0,13,0,18,0
1/9/18,6,3,3,20,11,6,23,5,3,0,7,1,1,14,0,0,8,2,25,0,0,0,13,0
2/9/18,6,3,4,22,6,13,21,5,3,0,4,1,0,14,0,0,7,3,30,0,15,0,16,0
3/9/18,7,2,3,29,7,8,19,2,5,0,5,1,1,8,10,0,7,2,25,0,0,0,15,0
4/9/18,8,2,4,36,5,14,28,2,6,0,5,1,2,22,9,0,9,2,30,0,25,0,23,0
5/9/18,8,3,4,39,12,14,28,2,7,2,5,1,3,19,9,0,9,4,23,0,12,0,18,0
6/9/18,9,2,5,33,17,6,24,0,6,0,5,1,1,20,0,0,8,3,20,0,12,0,19,0
7/9/18,8,6,3,28,10,5,32,5,5,2,3,1,1,11,10,0,17,28,17,0,13,0,17,0
8/9/18,6,3,3,20,0,11,31,5,7,0,4,1,3,18,0,0,16,24,27,0,14,0,14,0
9/9/18,7,2,3,21,5,2,22,10,5,0,5,1,3,13,0,0,10,15,25,0,28,0,11,0
10/9/18,8,2,4,34,5,8,25,5,4,9,5,1,5,14,9,0,12,12,25,0,25,1,14,16
11/9/18,9,3,4,35,9,8,22,9,4,12,5,1,2,18,9,0,12,9,22,0,25,0,18,0
12/9/18,10,1,4,35,19,6,32,9,7,2,4,1,2,14,0,0,10,8,25,0,37,0,17,0
13/9/18,6,1,4,35,9,6,33,5,5,2,4,1,4,20,0,6,10,6,25,0,0,0,18,0
14/9/18,7,2,4,30,7,0,29,7,5,2,2,1,2,14,0,0,9,6,30,0,52,0,16,0
15/9/18,5,3,3,25,3,13,27,0,2,4,3,1,2,13,0,0,8,5,21,0,0,0,12,0
16/9/18,5,1,3,21,5,5,22,1,5,5,2,1,3,10,0,0,8,4,26,0,14,0,10,0
17/9/18,7,1,4,29,12,4,27,2,4,1,3,1,1,15,28,0,9,5,28,0,24,0,15,0
18/9/18,7,2,3,32,9,6,26,3,3,1,4,1,1,12,0,0,10,7,25,0,5,0,11,0
19/9/18,7,3,4,35,3,8,25,3,6,0,5,1,1,17,0,0,9,5,24,0,29,0,16,0
20/9/18,7,3,4,38,11,6,24,6,5,0,4,1,4,17,0,3,9,4,25,0,29,0,14,0
21/9/18,7,1,4,31,10,12,25,0,9,0,7,1,1,14,5,0,8,4,30,0,7,0,18,8
22/9/18,6,2,3,24,11,5,31,5,1,0,4,1,0,14,0,0,8,3,28,0,0,0,9,0
23/9/18,6,3,3,22,5,5,30,4,2,0,4,1,2,11,0,0,8,3,27,0,6,0,10,0
24/9/18,5,2,3,36,9,8,20,3,8,9,5,1,3,11,0,0,8,3,26,0,28,0,13,0
25/9/18,6,3,4,40,5,11,25,1,5,2,4,1,1,13,0,0,8,3,28,0,5,0,18,0
26/9/18,6,3,4,40,7,10,25,3,10,6,4,1,1,15,0,0,8,3,33,0,29,0,16,0
27/9/18,7,3,4,38,5,8,23,4,9,2,4,1,1,16,14,0,10,5,25,0,30,0,15,0
28/9/18,6,3,4,34,6,9,28,1,7,0,4,1,1,13,0,0,15,10,24,0,0,0,16,0
29/9/18,6,1,4,26,8,5,27,0,1,3,5,1,1,14,11,0,11,9,21,0,6,0,15,0
30/9/18,5,4,3,25,5,6,20,1,5,8,4,1,1,13,5,0,14,19,23,0,53,0,11,9
1/10/18,6,2,5,34,12,8,21,4,2,7,3,1,1,16,10,0,14,9,23,0,18,0,23,0
2/10/18,6,4,4,33,12,7,26,4,8,6,3,1,1,16,0,0,12,6,28,0,12,0,21,0
3/10/18,7,3,5,37,10,5,21,3,6,0,3,1,1,12,0,0,10,5,23,0,18,0,20,0
4/10/18,6,3,4,33,4,13,22,5,8,8,5,1,2,17,10,0,9,5,25,0,24,0,22,0
5/10/18,6,3,4,33,15,9,25,1,7,1,3,1,0,15,10,0,10,5,26,0,17,0,20,0
6/10/18,5,3,4,23,5,11,23,0,2,4,4,1,1,18,0,0,9,3,18,0,13,0,17,9
7/10/18,5,2,3,21,1,9,22,6,0,5,5,1,1,8,5,0,8,3,23,0,0,0,13,0
8/10/18,6,3,5,34,11,11,25,4,2,0,4,1,0,16,19,0,10,5,24,0,0,0,19,0
9/10/18,6,1,5,33,9,10,21,3,11,4,3,1,0,12,14,0,10,4,22,0,28,0,21,0
10/10/18,6,4,5,36,4,9,21,1,8,11,4,1,1,13,0,0,10,3,28,0,17,0,24,0
11/10/18,8,2,5,32,5,9,37,1,9,0,3,1,3,12,10,0,9,3,24,0,7,0,20,0
12/10/18,6,3,4,29,9,9,34,3,8,9,3,1,3,14,0,3,10,4,27,0,12,0,17,0
13/10/18,5,2,3,23,7,6,30,2,4,0,4,1,2,16,17,0,8,3,25,0,6,0,13,0
14/10/18,6,3,3,21,10,10,45,8,6,1,4,1,2,13,0,0,9,4,25,0,7,0,11,0
15/10/18,7,3,4,37,5,4,29,7,7,16,4,1,2,13,0,0,9,3,27,0,6,0,14,0
16/10/18,7,4,4,39,6,11,26,5,5,12,3,1,2,12,10,0,9,3,28,0,6,0,16,0
17/10/18,6,3,4,39,21,9,31,3,8,2,3,1,3,13,14,0,9,3,23,0,36,0,18,0
18/10/18,7,3,3,35,12,4,27,3,3,7,3,1,2,15,5,0,9,2,23,0,31,0,17,0
19/10/18,5,3,3,32,5,8,26,1,4,13,4,1,1,16,15,0,11,5,18,0,31,0,16,0
20/10/18,5,1,3,21,8,7,24,1,2,3,4,1,1,16,0,0,9,15,21,0,20,0,10,0
21/10/18,5,2,3,22,3,2,30,4,1,3,3,1,1,8,22,0,8,8,21,0,7,0,10,0
22/10/18,6,1,4,35,6,4,25,4,7,1,4,1,1,21,0,0,8,6,27,0,6,1,14,0
23/10/18,6,2,4,41,10,7,25,1,6,15,5,1,1,14,14,0,10,6,25,0,17,0,17,0
24/10/18,6,3,3,37,12,7,24,3,8,7,3,1,2,13,10,3,12,4,22,0,12,0,14,0
25/10/18,5,4,3,39,8,7,32,2,13,5,3,1,1,14,10,0,14,4,23,0,23,0,16,0
26/10/18,6,4,3,30,9,7,26,5,6,1,3,1,3,11,15,0,11,5,24,0,6,0,14,0
27/10/18,4,3,3,23,12,11,22,5,3,3,3,1,1,18,5,0,9,4,14,0,6,0,10,0
28/10/18,5,2,3,22,5,10,31,4,2,0,2,1,2,17,0,0,8,4,22,0,18,1,9,0
29/10/18,6,2,4,33,8,4,26,0,3,0,4,1,1,14,5,0,9,3,23,0,29,0,15,0
30/10/18,5,1,3,31,9,9,32,5,6,2,5,1,1,11,19,0,9,3,23,0,11,0,16,0
31/10/18,6,3,4,32,10,3,24,1,7,6,4,1,1,19,0,0,9,3,19,0,42,0,16,0
1/11/18,5,3,3,33,8,6,31,5,4,4,2,1,1,16,0,0,9,3,25,0,12,0,13,9
2/11/18,6,3,3,27,6,4,24,6,2,5,4,1,2,15,20,0,9,3,25,0,12,0,12,0
3/11/18,6,2,3,20,7,3,22,3,4,0,2,1,4,9,17,3,8,3,18,0,7,0,8,0
4/11/18,5,2,3,23,5,3,25,4,5,0,3,1,0,15,16,0,8,2,19,0,13,0,11,0
5/11/18,7,5,4,35,6,10,30,0,4,2,4,1,2,13,0,0,9,4,21,0,29,0,16,16
6/11/18,6,4,4,37,7,2,25,0,7,5,3,1,1,11,28,0,8,3,22,0,34,0,16,0
7/11/18,6,3,4,36,8,11,26,6,6,0,4,1,0,16,0,3,7,3,22,0,23,0,12,0
8/11/18,5,4,3,35,9,10,28,3,12,0,3,1,2,12,0,0,9,3,22,0,18,0,15,0
9/11/18,5,9,3,29,6,5,25,3,8,10,4,1,0,14,0,0,9,3,21,0,12,0,13,0
10/11/18,6,12,3,23,3,11,28,0,5,1,4,1,2,16,0,0,8,3,18,0,20,0,10,0
11/11/18,4,17,3,21,5,6,23,2,9,1,4,1,2,13,16,0,8,3,18,0,0,0,9,0
12/11/18,5,11,3,32,12,10,22,2,6,4,4,1,2,12,0,0,8,2,18,0,17,0,15,0
13/11/18,6,10,3,36,11,7,26,1,3,5,3,1,1,10,10,0,8,3,21,0,11,0,16,0
14/11/18,9,7,5,34,13,6,22,1,4,6,4,1,3,20,0,0,9,3,19,0,30,0,16,0
15/11/18,7,7,5,36,18,9,29,2,10,8,3,1,1,16,0,0,8,2,23,0,47,0,13,0
16/11/18,6,6,4,33,15,9,25,2,6,10,2,1,2,16,0,0,9,2,24,0,12,0,13,0
17/11/18,5,4,3,26,8,8,24,6,2,0,2,1,0,16,0,0,8,2,19,0,14,0,7,0
18/11/18,5,5,3,19,11,8,26,1,3,0,4,1,0,15,0,0,8,3,19,0,0,1,9,0
19/11/18,9,4,5,33,5,4,24,2,5,7,3,1,1,16,0,0,8,2,20,0,6,1,15,8
20/11/18,9,1,6,34,14,11,23,0,4,0,4,1,3,15,5,0,8,2,20,0,19,0,13,0
21/11/18,6,4,4,28,18,6,21,5,13,5,3,1,1,14,0,0,8,2,22,0,12,0,15,0
22/11/18,5,3,4,31,5,2,22,3,7,0,3,1,2,12,0,0,7,2,16,0,47,0,12,0
23/11/18,6,3,4,26,5,3,25,0,7,4,3,1,2,11,20,0,7,2,17,0,12,0,10,0
24/11/18,5,7,3,20,16,7,24,3,7,1,3,1,0,10,11,0,7,2,20,0,6,0,9,0
25/11/18,8,4,5,21,11,5,22,4,2,5,3,1,2,13,11,0,7,2,20,0,6,0,8,0
26/11/18,7,4,4,34,8,13,22,1,9,4,4,1,3,14,0,0,8,3,37,0,17,0,13,0
27/11/18,6,3,4,33,8,11,25,3,4,2,2,1,2,15,10,0,8,4,28,0,29,0,16,0
28/11/18,7,3,4,34,5,2,23,4,6,2,5,1,3,11,14,0,8,3,26,0,23,0,15,0
29/11/18,6,2,4,34,7,8,36,3,5,2,3,1,1,9,14,0,8,3,26,0,47,0,14,0
30/11/18,7,4,4,31,5,14,31,2,7,0,3,1,2,22,5,0,8,3,27,0,6,0,13,0
1/12/18,4,4,3,24,4,7,34,0,1,7,3,1,2,21,17,0,8,2,25,0,13,0,7,0
2/12/18,4,5,2,21,7,6,28,6,1,8,4,1,1,18,0,0,8,3,24,0,26,0,9,0
3/12/18,5,4,3,31,20,7,27,5,8,2,2,1,1,16,5,3,8,3,21,0,12,0,13,0
4/12/18,5,2,3,32,9,8,27,1,10,6,3,1,2,20,0,0,8,3,25,0,0,0,13,0
5/12/18,5,2,3,25,12,6,30,2,10,5,4,1,1,13,10,3,9,2,23,0,23,0,12,0
6/12/18,5,3,4,31,5,3,31,4,8,5,3,1,2,20,14,0,9,2,26,0,6,0,13,0
7/12/18,7,4,4,26,7,5,24,1,6,0,3,1,1,20,10,3,8,3,23,0,25,0,12,0
8/12/18,5,4,3,20,10,4,22,3,2,1,2,1,1,13,0,3,8,3,16,0,6,0,9,0
9/12/18,5,3,3,19,11,8,26,5,6,0,2,1,1,15,16,0,8,3,19,0,19,0,8,9
10/12/18,5,4,3,27,12,5,27,4,9,4,2,1,1,9,5,0,9,6,23,0,17,0,13,0
11/12/18,6,4,3,29,9,2,19,1,7,7,3,1,1,10,0,0,9,4,23,0,12,0,13,0
12/12/18,5,2,3,26,12,7,20,2,6,4,2,1,2,13,0,0,8,3,27,0,19,0,11,34
13/12/18,5,4,3,28,4,5,33,2,7,14,2,1,1,15,0,0,8,2,30,0,43,0,15,0
14/12/18,6,3,4,27,8,2,27,4,3,6,3,1,1,20,0,0,9,3,21,0,30,0,12,0
15/12/18,5,3,3,18,3,11,23,0,3,1,1,1,0,8,0,0,9,3,24,0,0,0,7,0
16/12/18,4,2,3,20,7,4,24,3,5,4,2,1,1,13,0,0,9,2,26,0,14,0,9,0
17/12/18,6,4,4,23,11,7,24,2,2,2,2,1,1,14,0,0,9,2,26,0,28,0,13,0
18/12/18,6,3,3,27,6,3,20,1,9,6,2,1,1,10,0,0,9,2,22,0,12,0,12,0
19/12/18,6,5,4,27,14,4,22,0,5,13,3,1,1,13,0,0,10,6,25,0,13,0,13,0
20/12/18,6,4,3,21,13,6,30,6,5,4,4,1,0,17,10,0,9,4,24,0,26,0,13,0
21/12/18,6,13,3,22,9,3,25,4,4,17,3,1,1,8,21,0,10,4,18,0,28,0,9,0
22/12/18,5,6,3,15,6,4,29,4,1,7,3,1,1,13,0,0,9,4,22,0,15,0,7,0
23/12/18,5,3,3,18,6,3,24,6,2,7,3,1,1,12,0,0,10,3,20,0,0,0,7,0
24/12/18,6,2,3,20,3,3,29,4,2,12,3,1,1,18,0,0,10,3,19,0,7,0,8,0
25/12/18,4,2,3,18,6,4,23,3,8,6,2,1,0,12,0,0,9,3,27,0,28,0,9,0
26/12/18,5,3,3,21,8,13,29,2,5,5,3,1,0,9,0,0,9,2,30,0,12,0,6,0
27/12/18,5,3,3,19,8,11,35,4,4,0,2,1,0,13,0,0,10,3,27,0,12,0,7,0
28/12/18,5,5,4,20,13,7,27,2,2,5,3,1,0,12,0,0,9,3,18,0,12,0,9,0
29/12/18,4,2,3,18,14,9,24,2,0,0,2,1,1,19,23,0,9,2,23,0,13,0,10,0
30/12/18,4,3,3,13,6,2,31,0,5,6,3,1,1,8,0,0,9,3,28,0,13,0,7,0
31/12/18,5,4,3,13,3,5,28,0,5,6,1,1,1,13,23,0,8,2,22,0,0,0,5,0
1/1/19,4,4,3,14,9,11,33,0,0,0,1,0,1,12,0,0,8,3,30,0,13,0,6,0
2/1/19,5,4,3,21,8,3,19,0,0,0,2,1,2,13,0,0,10,2,25,0,12,0,11,0
3/1/19,4,4,4,21,2,3,32,2,6,0,3,1,1,14,20,0,10,2,23,0,0,0,12,0
4/1/19,5,2,4,22,2,2,32,2,4,5,2,1,1,16,0,0,9,3,22,0,11,0,11,0
5/1/19,4,4,3,15,0,5,22,7,2,6,2,1,0,22,0,0,8,3,20,0,0,0,7,0
6/1/19,4,4,3,18,13,0,22,0,2,11,2,1,0,19,0,0,9,2,25,0,38,0,7,0
7/1/19,5,6,4,30,2,4,24,2,6,5,2,1,1,14,19,0,10,3,22,0,22,0,14,0
8/1/19,5,4,4,27,14,12,21,4,12,5,2,1,1,13,0,0,9,3,19,0,11,0,12,0
9/1/19,5,3,3,24,7,6,29,0,0,5,2,1,0,13,0,0,9,3,21,0,11,0,12,0
10/1/19,4,6,4,29,7,6,23,0,8,5,4,1,1,14,0,0,9,3,25,0,11,0,14,0
11/1/19,7,5,4,23,5,6,24,2,4,0,2,1,1,10,0,0,9,3,21,0,11,0,13,0
12/1/19,5,2,3,19,8,7,25,11,2,0,4,1,1,14,0,0,8,3,23,0,12,0,8,0
13/1/19,3,7,3,19,5,0,22,2,5,5,2,1,1,12,0,0,8,3,23,0,0,0,6,0
14/1/19,5,3,4,22,10,12,31,0,6,0,2,1,1,11,0,0,8,2,27,0,11,0,11,0
15/1/19,5,3,4,26,11,6,23,4,6,5,4,1,2,13,0,0,8,2,25,0,21,0,11,0
16/1/19,4,6,3,25,12,4,22,6,4,5,3,1,0,8,19,0,8,2,27,0,11,0,12,0
17/1/19,4,5,3,23,7,9,26,2,10,9,4,1,1,15,0,7,8,2,31,0,0,0,11,0
18/1/19,3,5,3,24,2,1,39,6,4,10,3,1,1,10,39,0,11,3,27,0,22,0,12,0
19/1/19,3,5,2,15,5,3,20,2,0,0,3,0,0,12,0,0,10,2,25,0,0,0,8,19
20/1/19,4,5,3,16,5,5,26,2,2,5,1,1,1,14,0,0,8,2,27,0,24,0,6,0
21/1/19,4,7,3,24,7,4,26,0,6,0,3,1,2,20,19,0,8,2,18,0,0,0,15,0
22/1/19,4,5,3,24,9,3,32,0,8,5,2,1,1,9,0,0,8,2,27,0,32,0,13,0
23/1/19,4,5,3,29,5,6,28,0,6,0,2,1,1,12,0,0,9,2,24,0,32,0,10,0
24/1/19,4,4,3,32,9,9,20,2,6,14,2,1,2,13,0,0,8,2,28,0,11,0,11,0
25/1/19,3,8,3,26,12,5,23,8,8,15,2,1,1,16,19,0,8,2,25,0,34,0,11,0
26/1/19,4,7,3,17,11,3,23,0,5,11,3,1,0,20,0,0,8,2,20,0,12,0,7,0
27/1/19,4,7,3,16,3,7,24,0,7,0,3,1,1,12,0,0,8,2,26,0,0,0,7,0
28/1/19,5,6,4,27,2,7,28,0,4,5,2,1,0,13,0,0,8,3,26,0,21,1,15,0
29/1/19,4,5,3,25,7,6,21,6,8,5,2,1,1,13,0,0,8,3,30,0,31,0,11,0
30/1/19,5,5,3,29,2,6,30,2,0,5,3,1,1,13,37,0,9,3,26,0,43,0,13,0
31/1/19,5,7,3,24,12,4,39,4,12,0,3,1,0,14,19,0,10,2,24,0,22,0,12,0
1/2/19,5,13,3,24,7,6,50,0,12,9,1,1,2,10,0,0,8,2,19,0,0,0,14,0
2/2/19,3,13,3,17,8,2,44,2,0,5,2,1,0,16,0,0,7,2,19,0,0,1,9,0
3/2/19,4,9,3,13,0,2,32,2,0,0,2,1,0,7,0,0,7,2,23,0,24,0,6,0
4/2/19,5,10,3,24,9,4,29,0,14,9,2,1,0,9,0,0,8,2,25,0,11,1,10,0
5/2/19,6,15,4,27,7,9,27,4,0,0,2,1,1,12,0,0,8,2,31,0,11,0,12,0
6/2/19,6,13,3,26,0,0,27,4,6,5,2,1,2,13,0,0,9,2,28,0,21,0,10,0
7/2/19,6,13,3,27,5,3,23,0,2,0,1,1,1,10,0,0,8,2,26,0,11,0,8,0
8/2/19,5,16,3,24,0,8,31,0,8,5,2,1,1,18,0,0,8,2,35,0,0,0,12,0
9/2/19,4,14,3,19,5,8,29,4,0,5,2,1,1,14,21,0,8,3,27,0,0,0,6,0
10/2/19,4,15,3,16,10,5,17,0,7,5,4,1,1,16,0,0,8,3,27,0,12,0,8,0
11/2/19,4,20,3,24,9,7,24,2,8,0,2,1,1,8,0,0,8,2,25,0,10,0,13,0
12/2/19,4,21,3,31,5,10,22,2,8,18,2,1,1,13,0,0,8,2,20,0,31,0,13,0
13/2/19,4,26,3,24,11,1,28,0,4,14,1,1,1,16,0,0,8,2,27,0,11,0,12,0
14/2/19,5,65,3,24,16,6,26,0,4,5,3,1,1,14,0,0,8,2,30,0,0,0,12,0
15/2/19,5,100,3,27,2,0,34,0,10,0,1,1,0,15,0,0,8,2,19,0,22,0,11,0
16/2/19,4,64,3,19,8,2,28,2,2,0,1,1,0,11,0,0,8,2,20,0,12,0,8,0
17/2/19,5,58,3,16,0,2,26,0,2,10,2,1,0,18,0,0,8,2,15,0,12,0,7,0
18/2/19,6,40,4,24,9,7,23,4,12,9,2,1,1,20,19,0,7,2,31,0,11,1,10,0
19/2/19,5,40,4,27,9,6,31,4,12,14,3,1,2,9,0,0,8,2,22,0,11,0,12,0
20/2/19,5,37,3,28,11,6,24,0,10,5,3,1,2,15,37,0,9,3,25,0,0,0,13,0
21/2/19,4,26,3,25,5,6,26,2,6,0,3,1,2,15,0,0,8,2,26,0,11,0,13,0
22/2/19,4,22,3,28,2,6,32,2,8,10,3,1,0,14,0,0,8,3,26,0,11,0,13,0
23/2/19,4,25,3,16,5,0,22,2,7,0,2,1,0,15,0,0,8,4,20,0,25,0,5,0
24/2/19,5,19,4,18,8,3,21,0,5,5,1,1,1,29,21,0,8,4,24,0,12,0,6,0
25/2/19,4,20,3,29,7,3,22,4,8,5,3,1,1,16,0,0,8,4,29,0,11,0,11,0
26/2/19,4,16,4,32,14,0,22,0,12,5,3,2,0,13,19,0,9,5,30,0,11,0,12,0
27/2/19,3,9,3,26,13,6,19,2,6,0,3,1,1,13,0,0,8,4,23,0,0,0,11,0
28/2/19,5,15,3,30,9,4,31,2,8,14,3,1,0,12,0,0,12,4,28,0,22,0,14,0
1/3/19,4,11,3,23,12,9,27,0,6,10,3,1,0,10,0,0,22,4,25,0,56,1,10,0
2/3/19,4,10,3,17,5,0,27,2,2,5,2,1,0,15,0,0,14,4,23,0,0,0,7,0
3/3/19,4,14,3,17,3,6,24,0,2,3,1,1,1,14,11,0,12,5,24,0,6,0,8,0
4/3/19,4,11,3,23,5,4,26,2,9,9,2,1,0,17,10,0,14,4,24,0,18,1,12,0
5/3/19,4,6,3,26,5,4,21,2,4,9,2,1,1,11,25,0,12,3,26,0,4,0,11,0
6/3/19,4,9,3,27,4,6,25,3,6,11,3,1,1,10,16,0,11,4,24,0,5,1,11,0
7/3/19,4,11,3,21,9,4,27,6,3,2,3,1,1,9,0,0,11,4,31,0,15,1,12,0
8/3/19,4,7,3,19,15,8,18,1,6,2,2,1,1,11,0,0,10,3,33,0,0,0,12,0
9/3/19,4,21,3,16,8,3,20,3,4,3,2,1,1,9,0,4,10,3,30,0,22,0,7,0
10/3/19,3,16,3,18,4,4,21,3,5,0,3,1,0,9,0,0,10,3,29,0,10,1,8,0
11/3/19,4,9,3,25,3,5,19,0,7,2,3,1,0,13,0,0,11,3,33,0,0,0,13,0
12/3/19,4,10,3,25,4,6,23,1,8,0,3,1,1,14,35,0,10,3,30,0,14,0,12,0
13/3/19,4,8,3,25,14,4,26,6,8,5,4,1,0,14,16,0,9,2,24,0,20,0,12,0
14/3/19,4,9,3,29,8,4,29,2,4,5,4,1,1,7,32,0,12,2,25,0,19,0,10,0
15/3/19,4,6,3,22,9,5,35,1,3,0,3,1,1,13,17,0,26,3,25,0,0,0,9,0
16/3/19,4,7,3,15,3,3,22,1,2,3,2,1,1,11,0,0,15,3,19,0,6,0,8,0
17/3/19,4,10,3,13,10,6,24,2,3,0,2,1,1,13,19,0,11,2,28,0,5,0,8,0
18/3/19,3,5,3,27,10,4,24,4,9,2,3,1,1,13,0,0,12,2,26,44,0,0,10,0
19/3/19,4,5,3,24,9,3,23,2,7,7,3,1,1,14,9,0,12,3,27,0,5,0,13,0
20/3/19,4,8,3,24,7,7,26,0,7,7,2,1,1,16,42,0,10,2,24,0,15,0,12,0
21/3/19,5,5,3,26,12,2,25,3,8,0,3,1,2,14,33,0,10,2,24,0,20,0,12,0
22/3/19,3,6,3,23,12,4,27,1,6,10,2,1,2,15,0,0,10,2,32,0,14,0,11,0
23/3/19,4,5,2,16,9,3,23,5,4,0,4,1,0,17,0,4,10,2,20,0,5,0,7,0
24/3/19,3,6,3,16,3,8,24,1,1,5,3,1,0,11,27,0,9,2,26,0,0,0,7,0
25/3/19,4,5,3,24,8,6,26,1,3,2,4,1,1,13,0,0,10,2,21,0,8,0,12,0
26/3/19,5,4,3,24,8,1,22,5,12,5,2,1,1,15,10,0,9,2,24,0,19,1,11,0
27/3/19,5,3,3,28,1,1,27,2,5,2,5,1,1,15,0,0,9,2,33,0,0,0,12,0
28/3/19,4,3,3,27,8,12,24,6,6,0,3,1,2,10,0,0,9,2,27,0,0,1,9,0
29/3/19,4,4,3,22,11,4,24,0,4,0,3,1,1,17,34,4,10,2,27,0,26,0,12,0
30/3/19,3,2,3,18,4,6,22,0,1,8,2,1,1,5,0,0,9,2,18,0,11,0,10,0
31/3/19,3,3,2,17,8,2,23,4,3,11,4,1,1,8,19,0,9,3,30,0,5,1,8,0
1/4/19,4,4,3,26,9,2,22,4,4,5,3,1,2,9,42,0,9,7,28,0,8,0,10,0
2/4/19,6,5,5,31,11,6,23,2,8,2,7,2,1,13,51,0,10,4,27,21,19,1,11,0
3/4/19,9,4,5,31,15,4,25,2,10,2,7,2,1,17,32,0,9,3,27,0,5,0,11,0
4/4/19,5,5,4,27,13,4,36,3,5,2,5,2,2,14,35,0,12,3,28,0,19,1,12,0
5/4/19,5,4,4,22,8,7,35,2,3,0,5,1,0,10,0,0,11,3,28,0,10,1,11,0
6/4/19,3,3,3,18,13,3,20,2,3,3,4,1,2,11,0,0,9,2,33,0,17,0,6,0
7/4/19,5,3,3,17,3,8,22,4,9,3,4,1,0,7,0,0,9,2,32,0,0,1,9,0
8/4/19,4,4,4,30,8,5,27,2,7,0,3,1,1,9,0,0,10,2,30,0,5,1,12,0
9/4/19,5,4,4,30,6,5,25,4,5,5,2,1,2,7,53,0,9,2,27,0,15,1,11,0
10/4/19,4,3,3,27,7,10,29,3,3,2,3,1,2,14,0,0,9,2,28,0,4,0,11,0
11/4/19,5,3,4,29,3,3,32,7,5,0,5,1,1,14,0,0,9,2,29,0,8,0,10,0
12/4/19,3,3,5,23,10,3,24,1,5,10,3,1,2,18,0,0,10,3,25,0,20,0,9,0
13/4/19,4,4,4,18,13,5,22,4,4,3,2,1,2,12,0,0,10,2,24,0,5,0,7,39
14/4/19,4,3,4,18,8,2,27,1,5,14,2,1,0,10,59,0,9,2,26,0,11,0,7,0
15/4/19,3,4,4,23,10,2,25,1,4,2,2,1,1,11,0,0,9,2,23,0,25,0,10,0
16/4/19,4,4,4,28,5,3,24,1,4,5,2,1,1,18,0,0,9,2,19,0,21,0,11,0
17/4/19,3,5,3,28,5,1,28,0,5,7,3,1,2,17,0,0,9,2,29,0,0,0,12,0
18/4/19,4,4,4,27,14,1,37,1,4,3,3,1,1,19,35,4,9,2,29,0,4,0,10,0
19/4/19,3,4,4,22,5,2,30,4,2,3,3,1,1,21,11,0,9,3,24,0,0,0,8,0
20/4/19,4,4,3,17,1,10,30,1,0,0,1,1,0,18,0,0,9,5,23,0,15,0,7,0
21/4/19,4,7,3,19,6,6,20,2,1,0,3,1,1,13,0,0,10,6,23,0,13,0,7,0
22/4/19,4,5,4,24,4,4,29,8,3,8,2,1,1,17,0,0,12,4,23,0,10,0,9,0
23/4/19,5,5,4,35,8,3,30,4,9,5,3,1,1,11,0,0,14,4,27,0,10,0,10,0
24/4/19,4,3,4,32,9,4,26,6,2,0,3,1,1,18,0,0,13,4,24,0,20,0,9,0
25/4/19,4,5,4,32,4,2,28,6,7,12,2,1,0,18,0,0,13,3,27,0,9,0,11,0
26/4/19,4,6,3,32,9,1,22,2,2,7,2,1,1,10,0,0,11,3,23,0,0,0,11,0
27/4/19,3,4,3,22,6,2,25,1,5,0,2,1,1,17,0,0,9,3,16,0,26,0,6,0
28/4/19,3,4,3,21,6,10,23,0,0,0,3,1,0,12,19,0,9,3,26,0,11,0,8,0
29/4/19,3,3,3,27,10,5,30,2,6,5,2,1,1,15,0,0,9,2,24,0,19,0,11,0
30/4/19,4,3,3,30,4,4,26,4,7,7,2,1,1,9,16,0,11,3,30,0,9,0,8,0
1/5/19,4,6,3,28,11,5,27,3,5,0,3,1,0,11,10,0,11,3,27,0,19,0,7,0
2/5/19,4,4,3,30,8,4,33,1,6,2,3,1,0,14,0,0,11,3,31,0,15,0,8,0
3/5/19,4,5,3,31,5,8,26,1,2,12,4,1,1,14,17,0,11,3,33,0,10,0,11,0
4/5/19,3,3,3,23,7,6,25,3,0,3,3,1,1,20,0,0,10,2,21,0,11,0,7,0
5/5/19,4,5,3,26,9,4,25,0,5,3,2,1,1,18,0,0,10,2,24,0,6,0,8,0
6/5/19,3,4,4,28,12,5,24,1,10,7,2,1,0,15,16,0,10,3,31,0,27,0,10,0
7/5/19,4,5,3,34,7,5,24,3,7,7,2,1,1,20,0,0,9,2,32,0,24,1,11,0
8/5/19,4,4,3,31,6,5,27,2,5,2,3,1,1,12,0,0,10,2,26,0,24,0,11,0
9/5/19,4,2,4,30,4,8,23,10,6,2,2,1,1,14,0,0,11,2,30,0,4,0,10,0
10/5/19,4,4,4,27,11,9,27,6,7,10,4,1,0,17,10,0,14,4,26,0,34,1,13,0
11/5/19,6,6,5,22,9,5,32,3,2,11,5,2,0,17,0,0,13,3,24,0,5,1,7,0
12/5/19,5,3,4,22,5,10,22,3,2,3,4,2,2,21,19,0,11,3,24,0,16,0,5,0
13/5/19,6,2,4,31,8,6,28,6,1,12,6,2,0,15,9,0,10,2,29,0,24,1,12,0
14/5/19,6,3,6,34,5,6,23,6,7,5,7,3,1,37,0,0,10,2,32,0,15,1,13,0
15/5/19,7,3,6,34,8,5,22,4,8,9,7,2,0,21,32,0,10,3,26,0,4,1,11,0
16/5/19,7,4,5,35,8,5,27,3,2,12,7,2,1,19,0,0,10,2,28,0,4,0,12,0
17/5/19,6,4,4,30,8,4,27,1,5,5,4,1,0,18,0,0,10,3,24,0,16,0,11,0
18/5/19,5,3,3,21,9,6,22,3,8,16,4,1,0,16,0,0,10,3,23,0,11,1,8,0
19/5/19,5,3,4,26,7,2,22,3,1,3,5,2,1,16,0,0,9,3,25,0,22,1,8,0
20/5/19,5,3,4,27,2,7,26,5,3,2,4,2,3,21,0,0,10,2,28,0,19,1,11,0
21/5/19,5,4,4,30,12,7,31,3,8,7,3,2,2,24,0,0,11,3,28,0,28,1,12,0
22/5/19,6,4,5,32,13,5,25,2,6,7,4,1,0,21,9,0,11,3,27,0,15,1,12,0
23/5/19,4,3,4,26,4,10,27,4,7,14,2,1,1,14,0,0,12,2,24,0,28,1,11,0
24/5/19,5,1,4,30,6,3,27,4,3,5,3,1,0,12,27,0,11,3,22,0,4,1,9,0
25/5/19,5,2,3,19,4,3,32,7,3,0,2,1,1,12,0,0,10,3,21,0,11,0,9,0
26/5/19,4,2,3,20,3,10,33,6,2,0,3,1,0,9,0,0,10,3,22,0,0,1,5,0
27/5/19,6,1,4,28,4,5,28,5,1,5,5,2,1,13,26,3,9,2,21,0,15,1,10,0
28/5/19,5,3,5,30,9,7,25,6,13,23,3,1,0,15,41,0,10,2,26,0,9,1,10,0
29/5/19,6,4,4,29,11,1,22,5,2,2,4,1,1,18,9,0,10,2,29,0,16,1,12,0
30/5/19,5,4,4,30,11,4,28,5,1,9,5,2,1,18,0,0,10,2,22,0,19,0,12,8
31/5/19,6,4,4,30,6,4,27,2,5,5,4,2,1,11,17,0,11,2,20,0,10,0,10,0
1/6/19,5,4,4,21,4,13,22,4,4,14,3,1,1,19,0,0,10,2,22,0,11,1,8,0
2/6/19,4,5,3,19,5,4,22,0,4,0,4,2,1,15,0,0,10,2,24,0,12,1,8,0
3/6/19,5,2,4,24,14,5,25,2,3,11,3,1,1,21,0,0,12,2,22,0,15,0,11,0
4/6/19,6,3,4,30,3,1,23,2,4,5,3,2,0,15,0,0,12,2,22,0,24,1,13,0
5/6/19,5,3,4,25,8,7,21,1,7,7,4,1,1,16,16,0,12,2,27,0,18,1,11,0
6/6/19,5,4,3,26,12,3,21,2,10,0,3,1,1,14,41,0,11,2,24,0,0,0,12,0
7/6/19,6,5,4,24,10,5,21,0,3,2,4,1,0,12,10,0,12,2,18,0,0,1,11,0
8/6/19,5,3,3,15,4,3,22,1,2,21,4,1,1,11,29,0,10,2,31,0,0,1,8,0
9/6/19,5,5,4,15,10,5,25,4,2,8,4,1,1,19,0,0,10,2,24,0,6,1,5,0
10/6/19,5,4,4,22,12,6,25,1,8,9,3,1,1,16,41,0,10,2,25,0,9,1,10,0
11/6/19,5,6,4,26,10,4,27,4,9,9,3,1,1,11,16,0,10,2,28,0,14,2,10,0
12/6/19,5,3,4,25,17,5,24,1,4,14,3,2,1,11,0,0,11,2,25,0,0,2,9,0
13/6/19,5,4,4,29,14,7,36,3,7,0,2,1,0,12,0,0,10,2,59,0,0,2,8,0
14/6/19,6,5,5,30,9,3,24,0,7,14,4,1,1,12,32,0,10,2,62,0,17,1,9,0
15/6/19,6,3,4,21,3,5,33,5,6,16,5,2,0,13,0,0,10,2,36,0,0,1,7,0
16/6/19,6,4,4,19,0,2,30,1,4,16,5,1,1,11,0,0,10,3,24,0,9,1,7,0
17/6/19,7,4,5,29,3,5,24,0,2,14,6,1,1,12,0,0,10,3,31,0,16,1,11,0
18/6/19,15,5,5,28,29,5,23,1,16,23,3,2,1,15,31,0,10,2,27,0,0,1,10,0
19/6/19,11,3,5,35,17,8,26,4,5,18,3,1,1,10,63,0,10,2,27,0,0,1,11,0
20/6/19,7,3,5,32,6,7,31,1,7,14,3,2,0,15,32,0,10,2,27,0,16,1,10,0
21/6/19,6,4,5,26,12,6,25,1,6,10,4,1,0,13,0,0,10,2,26,0,0,1,9,0
22/6/19,9,4,6,21,13,8,24,6,4,0,5,3,0,22,0,0,9,2,19,0,9,1,7,0
23/6/19,7,4,4,20,14,11,21,6,4,6,5,2,1,15,0,0,10,2,29,0,29,1,8,0
24/6/19,7,3,5,27,15,9,20,4,0,9,4,2,0,20,31,0,10,2,31,0,0,1,11,0
25/6/19,7,5,5,29,9,5,30,10,11,19,4,2,0,18,64,0,9,2,24,0,8,1,12,0
26/6/19,10,4,7,31,17,11,30,15,5,9,7,4,2,20,31,0,10,2,21,0,16,2,13,0
27/6/19,8,3,6,28,17,3,31,8,2,14,4,3,1,15,0,0,9,2,22,0,8,1,11,0
28/6/19,7,3,5,26,15,14,26,3,6,19,4,3,1,13,0,0,10,3,21,0,9,1,10,0
29/6/19,5,4,5,20,7,6,20,5,9,16,3,2,1,22,0,0,10,2,21,0,0,1,7,0
30/6/19,5,4,5,16,14,3,24,5,4,6,2,2,1,18,0,0,9,2,24,0,0,1,7,0
1/7/19,5,3,6,23,6,7,23,1,13,5,4,2,0,11,31,0,9,2,30,0,0,1,12,0
2/7/19,5,4,5,25,6,3,27,7,5,5,4,2,0,13,0,0,10,1,22,0,24,1,12,0
3/7/19,6,2,5,24,9,3,27,4,4,0,4,2,1,18,32,0,12,2,20,0,0,1,12,0
4/7/19,5,4,4,27,6,6,29,1,8,0,2,1,0,9,33,0,10,2,24,0,9,1,12,0
5/7/19,4,2,4,22,3,4,30,3,6,5,3,1,0,12,0,0,10,2,25,0,9,1,10,0
6/7/19,5,2,4,15,3,6,17,3,6,16,2,1,1,13,0,0,10,1,24,0,0,1,7,0
7/7/19,4,3,4,16,7,9,27,3,2,5,3,1,1,15,0,0,9,1,27,0,0,1,6,0
8/7/19,5,4,4,23,9,7,25,4,9,14,3,1,2,10,0,0,9,2,29,0,0,1,13,0
9/7/19,6,3,4,26,26,3,24,6,5,9,3,2,0,13,0,0,9,1,22,0,0,1,12,0
10/7/19,6,4,4,26,17,5,26,6,4,23,2,2,1,17,0,0,11,2,19,0,8,1,13,0
11/7/19,5,3,4,25,15,5,25,7,7,9,4,1,2,15,0,0,10,1,21,0,16,1,13,0
12/7/19,6,1,5,22,12,3,20,3,6,0,3,1,1,13,0,0,10,2,23,0,0,0,10,0
13/7/19,4,2,4,15,7,5,16,3,0,0,2,1,1,12,0,0,10,2,25,0,0,0,9,0
14/7/19,5,2,4,18,10,8,17,5,2,0,1,1,1,10,0,0,9,2,24,0,0,1,6,0
15/7/19,6,4,5,24,12,3,23,8,4,19,3,2,2,15,0,0,10,3,26,0,0,1,9,0
16/7/19,6,5,5,24,12,10,24,6,5,9,4,1,1,16,0,0,11,2,22,0,16,1,11,0
17/7/19,7,2,4,31,9,3,20,11,7,9,2,1,1,13,0,0,10,4,27,0,16,1,10,0
18/7/19,5,2,4,24,9,6,24,6,4,5,5,1,1,9,67,0,10,4,28,0,0,1,11,17
19/7/19,4,3,3,25,6,6,19,0,10,15,1,1,0,12,0,0,10,4,25,0,18,1,8,0
20/7/19,4,1,3,15,10,5,19,2,6,6,2,2,1,15,0,0,11,4,25,0,0,1,5,0
21/7/19,5,4,3,15,14,2,17,0,4,6,2,1,1,13,0,0,10,3,30,0,9,0,5,0
22/7/19,5,1,4,24,6,4,20,0,4,5,2,1,0,13,33,0,9,3,24,0,9,0,9,0
23/7/19,6,4,4,23,15,8,23,1,4,0,2,1,1,11,32,0,10,2,27,0,0,1,11,0
24/7/19,5,2,4,21,0,6,25,3,11,15,1,1,1,15,0,0,12,3,22,0,17,1,11,0
25/7/19,5,2,4,25,15,1,25,1,2,10,2,1,0,14,68,0,13,3,20,0,17,1,11,0
26/7/19,4,5,4,18,15,6,26,0,4,5,3,1,0,10,0,0,11,2,32,0,0,1,11,0
27/7/19,4,3,4,13,7,0,25,2,4,11,1,1,1,10,0,0,10,2,24,0,9,1,5,0
28/7/19,4,1,3,16,0,5,20,5,11,0,2,1,0,12,0,0,10,2,36,0,0,0,7,19
29/7/19,5,2,3,21,6,6,22,1,6,0,2,1,0,10,0,0,10,2,31,0,9,1,7,0
30/7/19,4,2,3,21,9,14,17,3,4,14,3,1,0,11,33,0,10,2,33,0,17,1,11,17
31/7/19,4,3,3,23,6,3,16,3,2,0,1,1,1,9,0,0,9,2,19,0,0,1,9,0
1/8/19,4,1,3,26,15,1,21,3,4,5,2,1,0,17,0,0,9,2,20,0,34,1,9,0
2/8/19,4,2,3,22,3,3,19,4,12,5,2,1,1,17,34,0,10,2,28,0,9,2,10,0
3/8/19,3,2,3,12,3,6,18,7,4,0,2,1,1,15,38,0,10,2,27,0,9,2,7,0
4/8/19,3,3,3,13,0,5,20,5,2,6,2,1,1,15,0,0,10,2,21,0,0,3,6,0
5/8/19,4,2,4,21,0,3,20,1,0,10,3,1,1,13,0,0,9,2,18,0,17,6,7,0
6/8/19,5,3,3,18,12,8,25,3,2,5,3,2,0,16,0,0,9,2,24,0,9,1,11,17
7/8/19,5,3,3,21,6,0,20,6,4,10,2,1,0,10,0,0,10,2,25,0,0,1,8,0
8/8/19,3,4,4,24,9,3,23,0,13,5,2,1,1,18,0,0,9,2,20,0,9,1,7,17
9/8/19,4,3,3,20,9,7,22,1,2,5,2,1,2,13,0,0,10,2,22,0,26,1,9,0
10/8/19,3,2,2,12,3,0,21,0,2,0,2,1,1,10,0,0,10,2,25,0,0,0,6,0
11/8/19,3,2,3,12,7,8,20,2,2,0,2,1,0,13,0,0,10,2,27,0,19,0,6,0
12/8/19,4,2,3,23,12,3,25,4,2,0,1,1,1,13,33,0,10,2,21,0,0,1,12,17
13/8/19,4,3,4,23,18,6,22,0,4,0,2,1,0,13,0,0,9,2,25,0,0,0,10,0
14/8/19,4,3,4,25,11,5,20,1,2,18,1,1,2,16,0,0,9,2,20,0,8,0,10,0
15/8/19,4,5,3,25,15,3,24,4,2,5,2,1,0,16,33,0,9,2,23,0,17,1,9,0
16/8/19,3,3,3,19,9,4,17,3,2,0,0,1,1,15,0,0,9,2,24,0,9,0,10,17
17/8/19,3,6,3,16,3,6,23,2,0,0,2,1,0,23,37,0,10,2,25,0,9,0,5,0
18/8/19,4,4,3,13,3,3,21,0,8,0,2,1,0,38,0,0,10,2,29,0,0,0,7,0
19/8/19,4,2,3,21,14,4,23,1,6,0,1,1,2,42,0,0,10,2,20,0,4,0,9,8
20/8/19,5,3,4,24,9,1,19,1,3,6,1,1,0,27,22,0,10,2,22,0,18,1,11,0
21/8/19,4,5,4,23,10,3,25,1,6,4,2,1,0,21,38,0,10,2,20,0,14,0,8,0
22/8/19,3,4,3,25,4,3,25,1,8,9,3,1,1,14,38,0,10,2,21,0,9,0,11,0
23/8/19,3,3,3,20,13,8,25,3,1,0,2,1,0,17,39,0,10,2,20,0,0,1,10,0
24/8/19,3,4,2,14,9,5,21,0,5,2,2,1,0,15,0,0,10,2,18,24,11,1,7,0
25/8/19,3,4,2,16,6,5,18,1,3,5,2,1,1,14,0,0,10,2,22,0,16,1,6,0
26/8/19,4,4,3,21,4,3,18,0,9,2,1,1,1,8,0,0,10,2,23,0,17,1,10,0
27/8/19,4,5,3,22,13,5,24,1,9,9,2,1,1,14,0,0,9,2,19,0,10,0,10,13
28/8/19,4,3,3,25,16,3,25,6,8,6,2,1,1,14,16,0,9,2,20,0,0,0,11,13
29/8/19,4,2,3,21,17,3,24,1,4,6,1,1,1,12,0,7,9,2,21,0,36,0,9,21
30/8/19,3,3,3,23,3,5,23,1,6,4,2,1,0,14,0,0,10,2,21,0,31,0,10,0
31/8/19,3,4,3,12,8,2,18,5,7,2,1,1,0,13,0,0,9,2,22,0,16,1,5,0
1/9/19,3,2,3,13,14,4,21,3,1,3,1,1,2,11,42,0,9,2,26,0,6,0,6,0
2/9/19,3,2,3,19,7,8,19,3,5,9,1,1,0,12,0,0,9,2,22,0,18,0,10,5
3/9/19,4,3,3,22,4,5,19,3,4,6,2,1,0,9,21,3,9,2,23,0,10,0,11,13
4/9/19,4,2,3,23,10,6,26,3,4,6,1,1,0,8,0,3,9,2,22,0,4,0,9,0
5/9/19,3,3,3,21,12,4,26,3,2,12,1,1,1,11,0,6,9,2,22,0,18,0,11,20
6/9/19,4,3,3,22,6,2,24,3,0,11,2,1,1,19,58,0,10,2,22,0,4,0,9,13
7/9/19,5,1,3,15,3,1,20,1,2,2,1,1,0,12,0,0,10,2,23,0,16,1,6,0
8/9/19,3,3,3,14,6,3,23,1,3,0,2,1,1,15,0,0,9,2,22,24,10,0,7,0
9/9/19,4,6,3,21,5,6,23,1,7,2,1,1,0,14,0,3,9,2,18,0,8,0,7,0
10/9/19,4,3,3,21,16,4,25,3,5,0,1,1,0,13,21,0,10,2,21,0,21,0,10,0
11/9/19,4,3,3,23,14,6,25,4,4,6,1,1,0,12,0,0,10,2,19,0,5,0,10,0
12/9/19,3,3,3,22,11,6,24,4,5,4,1,1,0,13,0,0,11,2,21,0,9,1,9,0
13/9/19,3,2,3,21,17,3,25,3,4,2,1,1,0,11,0,0,10,2,27,0,8,0,8,0
14/9/19,2,4,3,15,12,5,18,3,3,0,2,1,0,12,0,0,10,2,19,0,0,0,6,5
15/9/19,3,3,3,16,5,3,23,1,3,0,2,1,1,11,0,0,10,2,23,0,0,0,6,0
16/9/19,3,3,3,21,10,6,23,3,6,8,1,1,0,15,21,0,10,2,24,0,8,0,9,13
17/9/19,4,3,3,23,10,6,23,4,4,16,2,1,1,15,0,0,10,2,21,39,12,0,12,0
18/9/19,4,3,4,25,20,5,24,10,7,6,2,1,1,12,0,0,10,2,22,20,13,1,9,0
19/9/19,4,4,4,24,14,5,30,2,6,6,2,1,1,11,16,0,10,2,20,0,5,0,10,8
20/9/19,4,3,3,22,1,2,27,0,7,11,1,1,1,9,37,0,10,2,21,0,13,0,9,0
21/9/19,3,3,3,14,10,4,38,1,5,0,1,1,0,15,18,0,10,2,31,0,4,0,7,0
22/9/19,3,4,3,14,6,5,30,1,5,0,2,1,0,13,0,0,10,2,31,0,0,0,5,0
23/9/19,3,6,3,22,13,5,29,4,5,8,1,1,0,14,0,0,9,2,21,0,30,0,10,0
24/9/19,6,4,4,23,9,2,24,2,7,10,3,2,0,15,0,0,10,2,27,0,35,1,11,0
25/9/19,5,4,4,22,3,3,27,3,6,5,2,1,0,12,0,0,10,2,28,0,12,1,11,0
26/9/19,4,3,3,23,6,3,32,3,3,6,1,1,1,14,21,6,10,2,17,0,13,1,11,0
27/9/19,4,3,3,22,5,2,28,2,3,0,1,1,0,8,43,0,12,2,23,0,18,0,9,0
28/9/19,3,2,3,14,0,7,27,2,8,2,2,1,0,13,42,0,11,3,25,0,11,1,6,0
29/9/19,3,3,3,15,5,2,24,4,4,2,2,1,0,17,0,0,11,4,23,0,0,0,6,0
30/9/19,4,3,3,24,12,2,24,1,0,2,2,1,1,12,0,0,12,3,25,0,4,0,12,0
1/10/19,4,3,4,22,17,4,29,5,11,4,1,1,1,10,20,0,11,3,21,0,22,0,11,4
2/10/19,3,3,4,20,11,5,27,1,6,6,3,1,1,9,35,0,11,2,25,19,8,1,10,0
3/10/19,4,2,4,19,6,3,25,1,4,6,2,1,0,9,21,0,11,2,18,0,28,1,11,0
4/10/19,4,4,3,22,7,1,27,2,8,8,2,1,0,11,37,0,11,2,18,0,18,1,8,0
5/10/19,2,3,3,13,4,7,23,2,1,10,1,1,1,15,0,0,10,2,19,0,0,1,5,0
6/10/19,3,1,3,14,22,3,27,1,6,0,1,1,0,11,0,0,10,2,22,0,21,0,5,9
7/10/19,3,3,3,20,4,4,30,3,6,8,2,1,1,10,0,0,11,2,19,0,5,0,11,0
8/10/19,4,3,3,22,12,5,37,3,2,4,2,1,1,14,30,0,10,2,24,0,13,0,8,0
9/10/19,4,3,3,21,14,3,30,2,7,6,2,1,1,10,37,0,10,2,26,0,23,0,9,8
10/10/19,4,3,3,20,8,2,29,1,4,6,2,1,0,9,0,0,10,2,15,0,16,0,10,4
11/10/19,3,2,3,21,10,6,32,2,4,2,1,1,1,10,15,0,10,2,21,20,19,1,9,5
12/10/19,4,2,3,15,7,4,27,1,5,7,1,1,0,9,0,0,10,2,20,0,6,0,6,0
13/10/19,3,3,3,14,7,2,27,2,5,2,1,1,1,10,0,0,10,3,24,0,15,1,5,23
14/10/19,3,2,3,20,15,3,27,5,9,2,1,1,1,9,15,3,10,8,19,0,18,0,10,0
15/10/19,4,2,3,22,11,4,28,3,7,10,1,1,0,12,35,0,10,4,27,0,14,1,10,8
16/10/19,3,2,3,23,19,7,33,1,6,14,1,1,0,11,20,0,10,2,21,0,5,0,9,0
17/10/19,3,3,3,20,13,1,27,1,6,5,1,1,0,7,68,0,11,2,24,0,4,0,8,0
18/10/19,4,2,3,19,8,1,29,0,3,8,2,1,1,8,0,0,10,2,21,20,0,0,9,0
19/10/19,3,1,2,14,7,2,26,0,6,9,2,1,0,8,0,0,10,2,20,23,0,0,6,0
20/10/19,3,3,3,13,10,3,25,1,3,2,2,1,1,11,17,0,10,2,23,0,19,0,7,0
21/10/19,3,3,3,20,3,1,26,0,10,10,1,1,0,10,0,0,10,2,18,0,9,1,12,0
22/10/19,3,3,3,23,14,3,28,3,7,2,2,1,1,13,0,0,10,2,22,0,13,0,9,0
23/10/19,5,5,4,20,16,4,23,1,5,18,1,1,1,14,20,0,11,2,23,0,4,1,9,0
24/10/19,4,3,3,21,13,4,36,1,5,4,2,1,1,10,0,0,16,2,21,0,22,1,11,8
25/10/19,3,2,4,23,11,3,29,1,5,4,2,1,1,12,21,0,13,2,22,0,0,0,9,13
26/10/19,4,1,3,17,6,4,21,1,7,2,2,2,0,15,24,0,12,2,23,0,0,1,7,0
27/10/19,4,3,3,18,7,1,20,1,1,7,2,1,0,12,41,0,11,2,30,0,14,0,6,0
28/10/19,4,2,3,23,9,2,31,2,3,4,2,1,1,9,15,0,11,2,26,0,8,0,9,0
29/10/19,4,2,4,24,15,3,31,1,7,5,3,1,1,12,50,0,10,2,24,40,9,0,9,4
30/10/19,3,2,3,24,6,5,32,1,6,6,2,1,1,11,20,0,10,6,21,0,9,0,8,8
31/10/19,3,3,3,22,11,3,27,2,6,6,2,1,0,14,0,0,9,4,18,0,14,1,10,9
1/11/19,3,3,3,21,9,5,26,2,1,6,1,1,0,13,37,0,9,2,24,0,5,0,7,5
2/11/19,4,2,2,19,4,1,22,1,2,2,2,1,0,7,63,0,9,2,16,0,0,1,6,0
3/11/19,3,1,3,18,16,8,25,1,5,4,1,1,1,15,0,0,9,3,23,0,10,0,7,5
4/11/19,3,2,3,22,10,1,25,3,5,4,1,1,1,8,35,3,9,2,20,0,9,0,9,0
5/11/19,4,3,3,24,18,5,29,4,7,16,2,1,1,14,15,0,10,2,24,20,0,0,10,18
6/11/19,4,2,3,22,3,4,22,1,8,8,1,1,0,13,35,0,10,2,20,0,30,0,10,0
7/11/19,3,1,4,24,15,5,27,3,1,6,2,1,0,14,0,0,9,2,24,0,14,1,9,12
8/11/19,3,2,3,21,16,7,44,0,6,12,1,1,0,7,0,0,10,2,25,0,26,1,10,0
9/11/19,3,1,2,14,2,1,25,0,3,9,1,1,0,11,0,0,10,2,24,0,0,0,7,0
10/11/19,3,3,3,16,10,3,26,1,2,4,1,1,0,7,23,0,10,2,18,0,15,1,6,13
11/11/19,4,3,3,19,15,6,29,1,11,6,1,1,0,13,0,0,9,2,19,0,22,0,10,0
12/11/19,4,4,3,22,20,6,28,3,8,13,1,1,0,12,49,0,11,2,21,0,24,1,11,19
13/11/19,3,4,3,23,10,4,24,1,3,6,1,1,0,13,0,0,14,4,23,0,22,1,8,4
14/11/19,4,2,3,20,9,6,26,1,10,4,1,1,0,9,0,3,12,3,25,0,0,1,10,0
15/11/19,4,3,3,22,12,5,30,3,4,6,1,1,0,10,37,0,11,2,17,0,8,1,10,8
16/11/19,3,1,3,17,7,1,32,1,2,12,1,1,0,12,17,0,11,2,23,0,6,0,8,5
17/11/19,2,3,3,16,9,5,27,3,4,9,2,1,0,13,0,0,10,2,25,0,0,0,7,0
18/11/19,3,4,3,19,10,4,24,2,2,4,1,1,0,11,0,0,11,2,23,0,0,1,9,12
19/11/19,3,2,3,25,8,4,30,1,11,6,1,1,0,12,15,0,11,2,24,0,16,1,10,0
20/11/19,3,3,3,22,12,5,24,1,6,12,1,1,0,15,15,0,11,2,26,0,4,1,10,0
21/11/19,3,2,3,22,5,3,30,1,5,4,2,1,1,14,15,0,16,2,26,0,4,1,11,0
22/11/19,4,2,3,21,8,3,22,3,7,10,2,1,1,13,0,0,100,12,22,0,4,1,9,8
23/11/19,3,2,3,14,11,2,26,2,3,2,2,1,0,10,0,0,72,12,26,0,4,1,6,0
24/11/19,3,2,3,14,7,3,24,1,1,9,1,1,1,11,0,0,52,11,25,0,14,1,6,0
25/11/19,3,2,3,21,6,0,26,6,5,3,2,1,1,12,20,0,47,11,23,0,8,1,11,0
26/11/19,3,4,3,22,16,2,24,3,3,0,1,1,1,13,0,0,35,7,22,0,14,0,11,0
27/11/19,3,2,3,23,21,1,28,3,7,8,1,1,1,14,15,3,28,6,21,0,9,1,12,0
28/11/19,3,6,3,20,5,1,24,0,6,7,1,1,1,8,0,0,26,5,19,0,20,0,12,0
29/11/19,3,6,2,16,5,6,24,0,14,7,1,1,0,8,0,0,21,4,18,0,0,0,9,9
30/11/19,3,4,2,14,11,1,26,0,7,0,1,1,0,10,0,0,20,4,21,0,0,0,6,0
1/12/19,3,3,2,15,7,0,21,0,0,0,1,1,1,12,0,0,17,4,26,0,22,0,7,0
2/12/19,3,4,2,20,14,1,22,0,10,7,2,1,0,10,0,0,15,3,19,0,10,0,8,9
3/12/19,3,8,2,22,7,5,28,3,2,4,1,1,0,13,0,0,15,3,22,0,19,1,10,0
4/12/19,4,4,3,20,7,1,20,1,4,11,1,1,1,15,81,0,14,4,22,0,10,0,9,0
5/12/19,3,5,3,21,5,10,23,3,8,0,1,1,0,7,0,0,14,5,26,0,0,0,11,18
6/12/19,3,4,3,18,10,8,21,0,8,7,2,1,0,13,0,0,13,4,23,0,10,1,10,0
7/12/19,2,3,2,16,22,4,23,0,9,0,1,1,1,8,0,0,14,6,21,0,11,0,6,0
8/12/19,2,1,3,15,3,3,17,4,4,4,2,1,0,16,0,0,13,3,19,0,11,1,6,0
9/12/19,3,6,3,17,12,3,21,1,0,15,2,1,0,13,0,0,12,3,20,0,10,0,11,0
10/12/19,4,2,4,21,22,1,28,3,2,0,1,1,1,8,0,0,12,3,22,0,30,1,11,0
11/12/19,3,3,3,18,14,6,27,1,6,0,1,1,1,13,0,0,12,3,19,0,19,1,9,0
12/12/19,3,4,3,20,17,3,20,1,18,0,2,1,1,10,0,0,12,2,25,0,10,0,8,0
13/12/19,3,1,3,18,15,3,19,3,4,4,1,1,1,10,43,0,13,3,22,0,10,1,9,0
14/12/19,3,3,2,14,3,3,24,0,7,4,1,1,0,10,0,0,13,3,21,0,0,0,7,0
15/12/19,4,4,3,13,11,4,23,1,4,0,1,1,2,9,0,0,11,2,17,0,0,1,8,0
16/12/19,3,3,3,18,10,6,26,0,2,4,1,1,0,10,41,0,12,2,20,0,10,0,11,0
17/12/19,4,3,3,19,10,6,26,3,6,7,1,1,1,11,0,0,12,2,21,0,0,1,11,0
18/12/19,3,6,3,21,2,5,22,1,2,4,1,1,1,13,0,0,12,2,19,0,0,0,11,9
19/12/19,4,4,3,16,10,8,28,0,6,4,1,1,1,9,0,0,13,2,17,0,10,1,9,0
20/12/19,3,1,3,17,5,3,27,0,0,0,1,1,0,11,44,0,13,2,17,0,0,1,9,0
21/12/19,2,2,2,14,3,6,17,4,2,4,1,1,1,9,0,0,13,2,16,0,0,0,6,0
22/12/19,2,5,3,11,17,6,16,0,5,0,1,1,0,8,47,0,13,2,27,0,0,1,6,0
23/12/19,3,3,3,14,7,3,15,0,8,0,1,1,0,17,0,0,15,3,20,0,21,0,8,0
24/12/19,3,4,3,15,22,1,19,1,5,4,2,1,1,16,0,0,14,2,15,0,11,0,6,0
25/12/19,3,3,2,14,18,5,24,2,0,4,0,1,0,7,0,0,15,3,15,0,12,1,6,0
26/12/19,3,3,3,13,11,1,22,1,9,0,1,1,0,10,0,0,13,2,15,0,11,1,6,0
27/12/19,3,3,3,15,2,3,26,1,9,0,1,1,1,13,45,0,15,2,19,0,11,1,6,0
28/12/19,3,1,3,15,9,1,20,0,9,0,0,1,2,9,0,0,14,3,18,0,0,1,6,0
29/12/19,3,2,2,14,11,6,29,1,2,0,0,1,2,10,47,0,13,3,24,0,11,1,7,0
30/12/19,3,4,3,18,7,5,34,1,4,4,1,1,2,8,0,0,14,2,19,0,11,1,8,10
31/12/19,4,1,3,15,9,1,20,0,7,8,1,1,3,13,0,0,13,3,17,0,0,1,6,0
1/1/20,2,3,2,12,3,5,23,0,9,4,1,1,0,10,0,0,12,3,22,0,11,1,5,0
2/1/20,3,1,3,19,7,7,24,1,6,4,1,1,0,8,0,0,13,2,20,0,0,1,8,10
3/1/20,3,3,3,15,5,5,25,3,0,4,1,1,1,15,82,0,13,2,21,0,10,1,9,0
4/1/20,3,3,3,14,5,3,23,0,2,4,1,1,0,14,0,0,12,2,21,0,0,1,6,0
5/1/20,2,2,3,15,0,4,25,3,2,4,1,1,0,11,0,0,12,2,25,0,0,1,6,0
6/1/20,4,2,4,15,10,3,22,1,6,0,2,1,0,6,41,0,12,2,22,39,10,1,10,0
7/1/20,3,3,3,23,10,4,23,1,0,0,2,1,0,18,0,0,13,3,19,0,10,1,12,0
8/1/20,4,3,3,21,10,5,23,3,4,3,2,2,1,17,40,0,14,5,15,0,0,1,11,0
9/1/20,4,3,3,21,10,4,27,4,4,3,1,1,0,14,0,0,15,10,25,0,19,1,10,0
10/1/20,4,3,3,19,10,4,29,5,6,14,1,1,0,8,42,0,13,9,22,0,10,1,8,0
11/1/20,4,1,3,12,7,3,18,3,0,0,3,1,0,9,0,0,12,6,23,0,0,1,8,0
12/1/20,3,3,3,15,5,6,17,1,8,0,1,1,0,14,0,0,11,4,19,0,11,1,7,0
13/1/20,3,3,3,16,9,5,23,2,9,3,1,1,1,12,0,0,13,3,21,0,9,1,10,0
14/1/20,5,2,4,19,6,5,23,0,2,9,2,2,0,15,35,0,16,3,22,0,17,2,10,0
15/1/20,5,3,4,19,9,4,28,0,5,0,3,2,1,12,0,0,14,3,24,36,9,1,11,0
16/1/20,4,2,4,23,21,9,32,4,2,10,1,2,0,14,80,0,13,3,23,0,10,1,9,9
17/1/20,4,2,3,21,0,6,29,1,4,7,2,1,1,10,0,0,12,3,28,0,10,1,9,0
18/1/20,4,5,3,16,13,3,21,1,4,8,2,1,0,19,0,0,11,3,20,0,11,1,5,0
19/1/20,4,4,3,12,5,4,22,1,6,0,1,1,0,16,44,0,13,3,21,0,0,1,6,0
20/1/20,4,1,4,19,14,5,19,3,4,10,2,1,0,10,0,0,13,2,19,0,19,2,11,17
21/1/20,5,3,4,23,18,6,24,0,6,17,1,1,1,11,40,0,13,2,26,0,9,1,11,0
22/1/20,3,4,4,23,4,4,38,0,6,7,1,1,0,12,0,0,15,4,21,0,28,1,10,0
23/1/20,4,2,3,18,14,5,29,4,8,3,2,1,0,10,0,0,16,4,26,0,28,1,10,0
24/1/20,4,5,3,18,2,5,31,1,6,0,1,1,0,11,0,0,13,3,23,0,0,1,9,0
25/1/20,3,3,3,16,21,4,16,3,4,0,2,1,0,8,0,7,13,2,18,0,22,1,7,0
26/1/20,3,3,3,12,7,3,26,1,0,0,1,1,1,10,0,0,11,2,31,0,0,1,6,10
27/1/20,4,3,3,18,14,2,24,1,5,0,1,1,1,10,0,0,12,2,21,0,18,1,9,0
28/1/20,3,3,4,21,7,5,25,3,11,0,2,1,0,16,0,0,13,2,23,0,28,2,9,0
29/1/20,3,3,3,22,14,2,23,1,2,3,1,1,0,11,0,6,15,2,25,0,9,2,11,0
30/1/20,3,3,3,19,12,3,29,4,0,7,1,2,0,9,0,0,21,3,21,0,29,1,8,0
31/1/20,3,1,3,18,21,4,26,0,12,4,1,1,0,12,0,0,15,5,21,0,19,1,9,0
1/2/20,3,2,2,13,11,4,19,0,0,4,2,1,0,9,0,0,13,6,21,0,43,1,5,0
2/2/20,4,4,3,12,2,4,17,4,2,8,1,1,1,12,0,0,12,4,21,0,0,1,8,0
3/2/20,4,1,3,20,9,2,28,1,2,3,1,1,0,8,0,0,20,4,15,0,27,1,9,0
4/2/20,4,3,4,19,8,5,25,3,6,2,1,1,1,14,0,0,33,6,25,0,9,1,10,0
5/2/20,4,4,4,19,20,3,27,4,4,5,2,2,0,12,13,0,31,5,24,0,14,2,12,4
6/2/20,4,2,4,19,5,5,28,7,10,2,2,2,1,12,33,0,24,4,23,0,19,1,9,0
7/2/20,4,4,4,21,15,2,28,3,7,0,2,1,0,11,13,0,18,3,21,19,14,2,9,0
8/2/20,3,3,4,13,7,3,21,0,2,4,3,1,1,8,0,0,13,4,23,0,5,2,8,0
9/2/20,4,4,4,13,12,2,17,1,1,4,2,2,1,14,0,0,12,4,25,0,5,1,7,0
10/2/20,4,2,4,19,13,6,24,3,6,2,2,2,1,7,0,0,15,3,25,0,18,2,11,4
11/2/20,5,2,6,20,15,4,27,4,9,3,2,2,1,12,0,0,14,3,22,0,9,1,9,0
12/2/20,5,4,7,20,8,3,23,4,9,6,2,2,1,14,0,0,14,3,24,0,0,2,9,0
13/2/20,5,3,6,22,7,7,23,3,3,0,3,2,0,15,0,0,15,2,28,0,28,2,13,0
14/2/20,5,3,5,19,10,4,25,4,4,22,3,2,1,11,0,0,14,2,22,0,10,2,10,0
15/2/20,5,2,5,15,17,5,22,3,7,4,2,2,1,12,0,0,13,3,24,0,5,1,7,0
16/2/20,5,4,5,14,17,7,24,6,6,2,2,2,1,10,15,0,13,2,25,0,0,2,7,0
17/2/20,4,2,5,17,9,3,22,6,2,6,1,2,1,13,0,0,13,2,22,0,19,2,10,0
18/2/20,5,3,4,20,8,2,28,2,9,6,3,2,1,12,0,0,14,3,24,0,18,1,8,8
19/2/20,4,3,5,22,14,3,30,4,2,9,2,2,1,17,0,0,17,3,23,18,9,2,10,0
20/2/20,4,3,4,20,16,1,24,1,5,0,2,2,1,8,0,0,16,3,25,0,37,1,10,4
21/2/20,4,4,4,18,13,3,26,1,7,0,2,1,0,14,0,0,15,3,24,0,10,1,9,0
22/2/20,4,4,4,15,11,7,22,3,2,4,1,1,0,12,0,0,13,3,18,0,0,1,7,0
23/2/20,3,3,4,14,6,2,26,0,7,8,2,1,0,14,0,0,12,3,29,20,5,1,7,0
24/2/20,4,2,4,18,19,3,26,3,5,11,2,2,0,15,0,0,15,3,26,0,28,1,11,4
25/2/20,4,3,4,18,14,4,25,2,6,5,2,1,0,15,0,0,15,3,27,0,5,2,10,0
26/2/20,4,5,4,19,3,2,29,2,3,4,2,1,1,13,0,0,14,2,29,0,9,2,11,4
27/2/20,4,2,4,19,18,3,31,3,7,4,2,1,1,14,0,0,14,2,27,0,13,1,11,0
28/2/20,4,4,3,17,4,7,26,1,8,0,2,1,0,15,0,0,16,2,23,0,0,1,9,0
29/2/20,4,4,3,14,10,4,22,2,5,2,1,1,0,12,0,0,12,3,23,0,5,1,6,0
1/3/20,4,3,4,12,10,4,21,3,8,5,2,1,1,17,21,0,11,2,22,0,5,2,6,0
2/3/20,3,3,4,22,3,4,25,3,7,4,2,1,0,17,56,0,14,2,29,0,4,2,9,4
3/3/20,4,2,3,19,12,6,23,1,3,2,2,1,0,9,0,0,13,2,26,0,13,1,10,0
4/3/20,9,3,5,18,10,4,26,2,3,2,1,1,0,11,0,0,13,2,24,0,4,2,10,4
5/3/20,7,4,4,20,6,6,29,2,4,8,1,1,0,12,0,0,12,3,25,0,9,1,10,0
6/3/20,5,4,4,19,5,4,28,1,5,8,1,1,0,12,0,0,13,3,24,0,41,2,9,4
7/3/20,4,4,4,14,5,4,26,4,3,0,2,1,0,13,0,0,11,4,20,0,25,1,6,0
8/3/20,4,5,4,16,6,4,25,2,2,15,1,1,0,15,0,0,10,3,24,0,10,2,5,5
9/3/20,5,2,4,16,11,5,34,3,3,4,2,2,0,10,0,0,15,3,22,0,0,2,10,0
10/3/20,5,2,3,17,17,2,27,1,4,0,1,1,1,11,0,0,14,4,21,0,18,2,9,0
11/3/20,4,3,3,16,5,5,27,0,3,4,1,1,0,13,0,0,12,3,21,0,4,1,10,0
12/3/20,6,3,5,14,12,2,28,3,5,5,2,2,1,10,0,0,14,2,25,0,4,2,10,0
13/3/20,7,3,5,16,13,7,29,6,2,9,2,3,1,12,0,0,13,2,18,0,0,2,11,4
14/3/20,4,3,4,13,7,5,22,3,2,2,2,2,1,13,0,0,10,2,25,0,15,1,7,0
15/3/20,5,3,3,13,9,5,23,0,5,0,1,2,0,15,0,0,9,2,18,0,0,2,9,0
16/3/20,5,2,4,15,6,6,31,1,5,2,2,2,0,40,30,0,12,2,16,0,9,1,9,0
17/3/20,4,4,3,14,14,5,26,2,3,3,2,2,1,15,31,0,12,2,20,0,22,0,12,4
18/3/20,4,6,4,13,5,2,32,1,4,6,3,2,0,12,0,0,13,2,20,0,0,1,11,0
19/3/20,4,5,4,14,12,4,61,4,4,7,3,2,1,8,12,0,13,3,17,20,13,1,11,4
20/3/20,5,5,4,13,10,6,45,2,3,2,3,2,1,8,0,0,12,3,15,0,4,2,10,4
21/3/20,4,4,4,14,14,3,37,5,5,2,2,2,0,14,0,0,9,3,23,0,0,1,7,0
22/3/20,4,6,3,15,7,2,39,3,0,6,1,2,0,10,0,0,8,3,23,0,0,1,7,0
23/3/20,4,3,3,14,24,3,37,1,2,0,1,2,0,13,0,0,11,2,19,0,4,2,11,4
24/3/20,5,4,4,17,100,6,44,4,2,9,2,2,0,11,0,0,11,3,22,0,4,2,11,8
25/3/20,4,4,3,15,94,4,40,1,1,7,2,1,1,10,0,0,11,2,19,0,0,1,11,8
26/3/20,4,5,3,14,42,10,39,1,7,0,2,1,0,10,61,0,11,3,22,0,13,1,11,4
27/3/20,4,4,3,16,24,2,39,1,2,4,1,1,0,15,0,0,10,4,23,0,4,1,11,0
28/3/20,4,7,3,14,31,5,47,1,7,8,1,1,1,10,0,0,8,3,18,0,5,1,6,0
29/3/20,3,7,3,14,26,2,46,5,4,0,1,1,1,14,0,0,7,3,21,19,10,2,8,0
30/3/20,4,5,4,15,27,3,39,1,2,0,2,1,0,13,11,0,9,2,21,0,4,2,15,4
31/3/20,4,3,3,14,27,2,40,4,2,8,2,1,0,14,23,0,9,2,24,0,8,2,18,0
1/4/20,4,5,3,14,17,2,36,1,6,4,1,1,0,13,0,0,9,2,23,0,12,2,22,11
2/4/20,5,4,3,15,17,6,44,3,2,5,1,2,0,13,0,0,10,3,23,0,0,2,18,0
3/4/20,4,4,3,16,11,5,48,2,2,2,1,2,0,11,30,0,10,3,25,0,0,2,16,0
4/4/20,4,4,4,14,14,7,42,2,1,5,1,1,0,14,0,0,7,3,27,0,0,2,10,0
5/4/20,4,2,4,17,18,5,37,2,7,18,2,1,0,15,13,0,7,2,27,0,10,2,11,4
6/4/20,4,4,4,17,19,9,35,2,6,2,1,2,0,11,0,0,9,2,24,0,0,4,19,0
7/4/20,5,3,4,15,28,5,37,2,2,7,1,2,1,12,12,0,9,2,23,0,9,4,17,4
8/4/20,4,4,5,17,30,6,32,2,3,11,2,2,1,11,36,0,9,2,20,0,9,6,14,12
9/4/20,4,2,4,18,28,7,38,3,13,7,1,2,1,14,0,0,8,2,25,0,17,3,14,8
10/4/20,4,3,5,17,21,9,44,5,2,8,2,2,1,15,0,0,8,2,21,0,14,3,11,0
11/4/20,5,4,4,12,17,6,33,2,5,6,1,1,0,11,0,0,7,2,21,0,5,2,8,4
12/4/20,4,4,4,13,12,3,36,2,2,0,1,2,1,16,0,0,7,2,23,0,10,3,7,4
13/4/20,5,3,4,17,20,6,34,3,3,2,2,1,1,13,0,0,9,2,26,0,0,2,12,0
14/4/20,4,3,4,17,12,5,37,1,10,3,1,1,0,16,0,0,11,2,23,0,8,3,14,0
15/4/20,4,2,3,18,16,5,31,4,4,28,1,1,1,14,0,0,11,2,25,0,0,2,13,0
16/4/20,4,3,3,18,20,2,30,3,8,17,2,2,0,19,18,0,10,2,25,0,8,4,15,8
17/4/20,4,5,3,19,30,5,33,4,5,17,1,1,1,12,0,3,10,4,22,0,17,2,11,24
18/4/20,4,5,4,14,19,3,37,3,5,11,2,1,2,21,33,0,8,4,23,0,5,4,8,4
19/4/20,5,5,4,17,26,6,31,2,3,6,1,2,0,21,0,0,8,6,23,0,10,4,8,13
20/4/20,5,3,4,17,32,3,28,2,10,12,1,2,1,18,41,0,10,7,27,0,4,2,12,18
21/4/20,4,4,4,17,34,2,30,2,5,5,1,1,1,12,0,0,10,6,27,0,8,3,14,23
22/4/20,5,3,4,17,29,8,32,3,10,15,1,1,0,16,18,0,9,5,25,0,8,4,11,45
23/4/20,4,3,4,18,20,3,31,2,3,2,1,2,1,12,0,0,9,5,30,0,4,5,12,4
24/4/20,5,5,4,17,26,3,31,3,5,5,2,2,0,14,18,0,9,6,27,0,17,4,11,4
25/4/20,5,5,4,15,27,6,30,2,3,2,2,2,1,18,0,0,8,6,27,0,10,4,8,13
26/4/20,5,4,5,19,16,7,35,2,8,4,2,2,1,13,34,0,8,6,28,0,14,6,10,30
27/4/20,4,6,4,17,22,5,31,4,7,9,2,2,1,14,0,0,10,5,28,0,13,5,11,49
28/4/20,5,4,4,18,26,7,34,2,7,5,1,2,0,16,0,0,11,4,29,0,4,6,13,37
29/4/20,5,2,5,20,29,1,29,5,6,7,3,3,1,16,0,0,12,6,29,0,8,11,12,37
30/4/20,6,3,4,19,51,4,37,7,4,10,2,3,0,16,0,0,13,9,27,16,8,11,12,78
1/5/20,5,4,4,18,66,7,33,4,3,4,2,2,1,11,0,0,15,14,30,0,0,8,8,100
2/5/20,5,4,4,16,48,8,34,4,8,3,2,2,1,15,0,0,14,19,20,0,10,8,9,94
3/5/20,6,5,4,17,43,10,35,3,5,8,2,2,1,16,0,0,10,10,25,0,10,10,7,98
4/5/20,4,3,4,18,34,4,29,4,4,0,2,2,1,14,0,0,11,6,23,0,8,9,12,22
5/5/20,5,5,4,19,24,6,27,7,5,5,2,2,1,14,0,0,11,46,24,0,19,11,12,31
6/5/20,5,4,5,21,24,8,24,5,6,10,2,2,1,15,47,2,11,81,29,0,25,14,12,26
7/5/20,6,4,5,22,45,5,28,5,8,10,3,2,1,18,18,0,11,69,26,0,0,20,12,23
8/5/20,5,2,5,19,23,8,28,7,10,13,3,3,0,19,12,0,11,48,28,0,0,24,8,20
9/5/20,5,4,5,19,26,9,22,5,3,10,3,2,0,17,0,0,10,35,27,0,5,23,9,26
10/5/20,7,4,6,18,19,7,25,10,4,6,3,3,0,18,0,3,11,32,26,0,5,36,7,22
11/5/20,5,4,5,21,27,6,29,2,8,7,3,3,1,20,0,0,12,21,28,0,8,100,13,23
12/5/20,6,2,4,20,18,10,25,1,7,9,2,2,0,21,0,0,12,20,30,20,0,31,14,18
13/5/20,5,4,5,19,20,3,24,3,11,7,2,2,1,18,12,0,11,15,28,0,25,10,11,8
14/5/20,5,2,5,19,22,2,29,3,1,14,1,2,1,16,0,0,11,11,29,0,8,6,12,0
15/5/20,5,5,4,18,18,5,31,4,5,4,2,2,0,19,24,0,10,11,27,0,26,3,9,8
16/5/20,5,5,6,15,7,2,21,4,5,13,2,2,0,22,0,0,9,11,24,0,19,2,6,9
17/5/20,5,4,5,14,19,6,26,10,9,5,2,2,1,16,0,0,9,10,26,0,10,3,6,9
18/5/20,5,5,5,20,11,11,28,2,8,12,2,2,1,20,0,0,10,10,27,0,17,2,9,8
19/5/20,5,6,5,18,15,5,23,1,11,28,2,2,0,9,0,0,10,8,24,0,17,2,11,22
20/5/20,5,3,5,17,13,6,25,3,5,0,1,2,0,23,0,5,10,7,24,0,9,1,10,0
21/5/20,5,6,5,19,14,6,20,3,3,4,1,2,1,30,0,0,9,7,24,0,18,2,9,8
22/5/20,5,4,4,19,12,5,26,3,7,17,2,2,0,27,24,0,9,6,26,0,0,1,10,0
23/5/20,5,3,5,13,20,8,26,3,6,5,2,2,1,20,0,6,9,7,22,0,20,1,7,0
24/5/20,5,2,5,18,20,0,21,2,4,0,1,1,0,17,0,0,9,8,24,0,0,1,9,17
25/5/20,4,3,4,14,12,4,28,1,5,0,3,2,2,20,0,0,9,13,24,0,18,1,9,15
26/5/20,5,2,5,16,31,4,28,6,3,12,2,2,0,15,24,5,9,15,21,0,17,1,10,15
27/5/20,5,4,4,19,17,5,30,2,5,0,2,2,0,14,24,0,13,33,22,0,8,1,10,8
28/5/20,5,6,4,19,15,7,22,0,10,16,2,1,1,16,24,0,11,16,24,0,0,1,10,0
29/5/20,4,4,4,18,9,7,26,5,9,4,2,2,0,16,0,0,10,11,30,0,27,0,8,0
30/5/20,4,3,4,11,10,6,23,1,0,14,1,2,1,12,0,0,14,50,27,0,10,0,6,9
31/5/20,4,2,5,14,5,3,20,3,4,5,2,2,0,23,0,0,14,42,27,0,10,1,6,9
1/6/20,4,7,4,17,13,6,26,1,7,4,2,2,0,15,0,0,12,16,21,40,0,1,9,15
2/6/20,4,8,5,14,27,4,25,5,2,0,1,2,0,14,0,0,11,12,28,0,0,1,11,22
3/6/20,4,7,4,16,22,2,33,1,2,8,1,2,0,15,0,0,10,9,27,0,8,1,9,6
4/6/20,4,5,5,17,11,6,27,1,2,4,2,2,1,12,44,0,10,9,23,0,0,1,10,0
5/6/20,4,4,4,16,19,4,26,2,5,8,2,2,1,17,0,0,12,8,26,0,0,1,7,0
6/6/20,4,5,4,14,12,4,22,3,2,9,2,2,0,16,0,0,10,9,23,0,10,1,5,0
7/6/20,4,4,4,15,13,6,20,3,4,23,2,1,0,14,0,0,10,9,24,0,10,1,6,0
8/6/20,4,5,5,16,27,3,30,1,9,15,1,1,0,18,0,0,13,6,25,0,8,1,9,28
9/6/20,4,5,5,16,29,8,22,4,5,0,2,2,0,12,0,0,13,6,27,0,16,1,8,20
10/6/20,4,4,5,17,11,8,21,4,2,16,2,2,0,12,0,0,15,6,25,0,0,1,10,0
11/6/20,5,3,5,19,16,9,26,3,8,4,1,2,0,17,24,0,16,6,24,0,9,1,11,23
12/6/20,4,3,4,14,12,9,25,5,5,0,1,1,1,14,0,0,13,5,22,0,0,1,9,0
13/6/20,3,3,4,12,5,2,28,2,2,0,2,1,0,9,0,0,12,6,29,0,10,1,6,0
14/6/20,5,3,5,16,11,9,21,6,8,5,0,1,1,21,0,0,11,6,32,0,10,1,5,9
15/6/20,4,4,4,18,17,4,23,1,5,4,2,2,0,12,0,0,12,5,15,0,26,1,11,0
16/6/20,4,3,4,17,9,8,31,2,3,12,2,1,0,19,0,5,13,6,19,0,0,1,8,0
17/6/20,5,2,4,16,6,3,29,3,7,16,1,2,0,13,0,0,11,6,26,0,17,0,10,0
18/6/20,4,2,5,21,9,7,34,0,3,8,2,1,0,16,48,0,11,6,25,0,17,0,9,8
19/6/20,4,4,5,16,7,5,29,5,5,4,2,1,0,12,0,0,12,7,21,0,0,0,8,8
20/6/20,4,4,4,14,13,6,24,3,0,5,2,2,0,13,0,0,11,6,22,0,10,0,5,0
21/6/20,3,4,5,13,18,3,20,2,8,5,1,2,0,13,0,0,11,6,21,0,0,1,8,0
22/6/20,5,3,5,17,25,4,25,3,5,0,2,1,0,11,0,0,11,5,22,0,9,1,9,0
23/6/20,5,5,5,17,12,7,26,7,2,12,1,1,0,13,0,0,11,5,24,0,0,0,10,0
24/6/20,4,3,5,16,20,3,28,1,7,9,1,2,0,12,0,0,11,4,21,0,44,1,8,0
25/6/20,4,2,5,18,18,4,31,5,5,17,2,1,1,12,0,0,11,4,20,0,0,1,9,23
26/6/20,4,3,6,15,12,4,26,1,11,9,2,1,1,13,0,5,11,5,21,0,18,0,7,8
27/6/20,5,1,4,11,7,3,24,2,0,9,2,1,0,12,0,0,10,5,23,0,0,0,8,0
28/6/20,4,4,4,12,20,7,25,3,4,14,1,1,0,14,0,0,11,7,20,0,0,0,7,0
29/6/20,4,1,5,14,12,6,20,1,9,8,2,1,0,18,0,0,11,5,19,0,9,1,8,0
30/6/20,4,3,4,17,9,6,23,3,8,8,2,2,0,17,24,0,12,4,29,0,0,0,10,8
1/7/20,4,4,4,16,16,4,24,4,7,0,1,1,0,13,24,0,13,4,26,0,9,1,10,0
2/7/20,4,3,4,16,14,6,31,3,9,4,1,1,0,9,0,0,17,6,21,0,9,0,9,0
3/7/20,4,5,4,15,10,5,27,0,2,0,1,1,0,12,26,0,14,6,26,0,0,0,9,0
4/7/20,4,3,4,14,18,1,27,3,4,14,1,2,1,21,0,0,11,5,22,0,10,0,7,0
5/7/20,4,5,4,12,11,1,29,5,6,15,1,1,2,20,0,0,12,12,24,0,0,0,6,0
6/7/20,4,3,4,18,22,6,24,4,10,9,1,2,1,15,0,0,17,7,24,0,9,0,10,0
7/7/20,5,4,5,19,18,1,26,3,8,12,1,1,0,10,24,0,18,6,18,0,27,0,10,8
8/7/20,6,5,6,15,14,7,25,0,3,4,2,2,1,15,0,0,15,5,17,0,9,1,12,0
9/7/20,6,2,5,19,16,7,28,3,5,9,2,2,0,11,0,0,14,5,24,0,9,1,10,8
10/7/20,5,6,4,17,19,8,25,4,4,13,2,2,1,11,27,0,17,6,22,0,0,1,8,9
11/7/20,4,6,5,13,26,3,24,3,2,10,2,2,0,10,0,0,15,7,24,0,10,0,6,9
12/7/20,4,3,4,10,18,10,28,6,10,5,1,2,0,17,0,0,14,6,30,0,0,1,6,0
13/7/20,5,2,5,18,16,5,26,9,2,21,1,2,2,13,0,0,22,5,25,0,9,0,11,0
14/7/20,4,5,5,19,18,6,29,4,4,0,1,2,0,17,0,0,21,5,21,0,28,0,8,0
15/7/20,6,4,6,18,18,6,33,3,4,17,2,2,0,14,25,0,17,6,24,42,9,1,8,15
16/7/20,5,2,6,21,28,8,36,0,0,4,2,2,0,19,0,0,16,7,23,0,18,1,9,8
17/7/20,5,4,5,17,15,9,33,4,7,9,2,2,0,15,0,0,16,5,20,0,10,0,10,16
18/7/20,5,5,5,14,16,3,26,5,8,0,1,2,1,49,0,0,13,6,24,0,21,0,5,0
19/7/20,3,4,5,14,16,8,30,3,8,15,1,1,1,14,0,0,12,5,22,0,21,0,5,9
20/7/20,5,3,4,18,26,9,37,0,5,4,2,1,0,9,0,0,16,5,19,0,28,0,7,8
21/7/20,5,6,5,19,35,8,29,0,11,17,2,2,0,12,0,0,17,6,21,43,18,1,8,0
22/7/20,4,4,5,19,16,7,29,5,2,16,1,2,1,10,0,0,23,7,19,0,5,1,9,0
23/7/20,5,6,5,20,10,9,35,2,6,10,2,2,1,16,38,0,23,6,27,0,6,0,8,0
24/7/20,5,4,5,16,17,5,33,1,6,13,2,1,0,13,13,0,19,6,19,0,5,0,9,0
25/7/20,6,3,5,15,15,10,34,2,5,5,2,2,0,16,0,0,14,11,30,0,0,0,5,0
26/7/20,5,3,6,15,5,9,33,4,4,7,2,2,0,13,0,0,12,11,31,24,0,0,6,0
27/7/20,6,4,6,19,24,7,32,10,5,0,3,3,1,15,0,0,15,8,24,0,0,1,8,0
28/7/20,7,4,6,19,16,11,30,2,10,12,2,3,0,15,0,0,15,7,23,65,8,0,9,3
29/7/20,5,3,6,18,12,6,28,3,5,2,2,3,0,16,13,0,13,6,26,0,11,0,8,0
30/7/20,5,2,6,18,30,11,32,1,3,30,2,3,0,12,13,0,13,6,23,0,11,0,8,10
31/7/20,5,4,6,20,18,10,32,5,7,7,2,2,1,14,0,0,13,5,23,0,0,0,10,0
1/8/20,8,5,7,16,15,21,29,4,7,10,4,3,1,14,0,0,11,6,27,0,5,1,6,0
2/8/20,8,2,8,18,27,14,27,3,0,21,3,3,1,14,43,0,12,10,29,0,5,1,7,0
3/8/20,6,4,7,17,16,15,27,5,11,18,3,3,1,18,0,0,13,7,25,0,23,0,8,0
4/8/20,6,4,6,18,12,15,34,3,6,12,2,3,1,11,0,0,13,6,22,21,12,1,8,7
5/8/20,5,3,6,18,14,9,29,5,9,10,2,3,1,14,0,0,11,5,20,0,0,0,9,7
6/8/20,6,3,6,20,25,9,32,3,8,10,2,3,1,15,0,0,11,5,50,0,3,0,8,4
7/8/20,6,5,6,16,11,7,37,4,10,8,2,3,0,15,0,0,12,4,29,0,3,0,9,3
8/8/20,6,5,6,13,12,5,32,4,4,5,2,3,1,17,29,0,11,5,23,0,12,1,6,0
9/8/20,6,3,7,15,14,5,33,3,5,2,2,2,0,12,0,0,10,5,30,0,9,0,6,8
10/8/20,6,5,7,18,13,4,38,5,5,14,2,3,0,17,0,0,12,4,26,0,15,0,8,3
11/8/20,7,4,6,17,14,7,32,3,3,14,2,3,1,10,0,0,13,4,27,0,3,0,9,0
12/8/20,5,3,7,17,15,6,41,5,12,22,2,3,0,15,12,0,18,4,24,20,3,0,9,7
13/8/20,6,5,7,18,19,7,48,3,11,10,2,2,0,11,25,0,15,4,20,0,18,0,9,0
14/8/20,6,5,6,16,21,4,40,1,4,6,3,3,0,15,0,0,14,3,27,0,3,0,10,12
15/8/20,6,4,7,15,27,9,42,5,5,5,4,3,0,13,0,0,12,4,23,0,0,1,7,4
16/8/20,7,1,7,15,24,13,38,5,4,7,2,3,0,14,28,3,12,5,24,0,9,1,8,11
17/8/20,6,3,7,19,28,6,38,11,2,20,3,3,1,14,0,0,16,4,26,42,8,1,7,7
18/8/20,7,4,7,21,27,8,40,2,7,10,3,3,0,18,0,0,19,5,21,0,3,0,9,7
19/8/20,6,3,6,18,23,6,37,2,6,23,2,2,1,16,13,0,16,6,24,0,12,0,11,0
20/8/20,5,4,6,18,27,4,37,6,4,12,2,3,1,12,25,0,19,5,25,0,8,0,9,10
21/8/20,6,5,7,19,23,5,36,3,0,6,2,2,1,18,13,0,21,4,24,22,8,1,7,0
22/8/20,6,4,6,13,16,7,25,6,4,0,2,2,1,17,14,0,14,4,36,0,5,0,5,4
23/8/20,7,4,6,13,16,8,32,3,5,2,2,2,0,15,28,0,13,4,29,0,0,0,6,8
24/8/20,5,4,6,19,9,3,34,7,6,6,2,2,0,19,0,0,18,4,25,0,28,0,9,0
25/8/20,6,2,6,16,30,8,33,1,5,6,2,3,0,20,0,0,17,3,30,0,7,0,9,7
26/8/20,5,3,6,18,16,5,32,5,4,2,1,2,0,16,0,0,17,4,23,0,10,0,9,0
27/8/20,5,2,6,17,24,4,40,7,7,10,2,2,0,17,24,0,18,6,20,0,0,0,8,3
28/8/20,6,2,6,17,20,6,32,2,8,0,1,2,0,15,0,0,19,7,23,0,9,0,9,3
29/8/20,5,4,6,16,13,6,45,1,9,5,2,2,0,13,14,0,16,11,36,0,22,0,6,0
30/8/20,6,4,6,16,17,5,47,3,6,13,3,2,1,18,0,0,14,8,28,0,0,0,6,0
31/8/20,5,4,6,17,13,4,42,2,7,10,3,2,0,17,12,0,30,7,27,0,7,0,9,11
1/9/20,6,4,7,16,20,5,45,3,5,10,3,2,0,15,0,5,29,8,24,0,10,0,8,3
2/9/20,6,4,6,16,23,4,47,5,10,8,2,2,1,15,12,0,26,8,20,0,12,0,8,0
3/9/20,8,5,6,17,5,7,48,0,8,6,2,2,0,11,24,0,25,6,21,0,3,0,8,0
4/9/20,7,3,6,15,15,4,42,5,4,8,2,2,1,15,0,0,25,6,22,22,8,0,10,3
5/9/20,6,3,6,14,12,4,45,2,3,7,2,2,0,16,0,0,16,6,22,0,9,1,5,4
6/9/20,5,3,6,14,17,5,38,4,0,2,1,2,1,15,14,0,13,5,25,0,0,0,5,0
7/9/20,5,2,5,17,15,4,35,1,9,0,1,2,1,11,0,0,14,4,23,0,26,0,9,3
8/9/20,5,5,5,18,16,4,34,4,3,13,1,2,0,10,12,0,27,5,27,0,13,1,9,7
9/9/20,5,4,9,16,10,5,35,2,9,11,2,2,0,14,0,0,27,5,23,0,3,0,8,0
10/9/20,5,4,5,20,19,7,40,0,6,15,1,2,1,12,0,0,22,6,17,0,10,0,9,0
11/9/20,4,2,5,18,21,0,40,4,5,8,2,2,1,12,13,0,20,6,23,0,11,0,8,7
12/9/20,5,4,5,14,12,7,44,4,6,15,2,2,1,17,42,0,14,5,23,0,9,0,6,4
13/9/20,5,6,6,11,21,7,42,1,5,13,1,2,0,16,42,0,12,4,30,0,3,1,5,0
14/9/20,4,5,5,16,7,9,36,3,5,7,1,2,0,14,0,0,18,4,27,0,3,0,8,0
15/9/20,5,3,5,16,18,6,45,2,9,9,1,2,1,16,36,0,20,4,24,0,3,0,9,7
16/9/20,5,4,4,16,20,4,36,2,7,14,2,2,0,12,12,0,18,4,27,41,4,0,10,0
17/9/20,5,4,5,16,16,5,39,5,9,7,1,2,1,10,24,0,17,4,23,0,7,0,9,4
18/9/20,5,10,5,16,20,2,42,4,5,6,2,2,0,14,12,0,18,4,23,22,3,0,9,0
19/9/20,4,7,5,11,14,5,36,2,4,7,1,2,1,9,0,0,12,4,19,0,5,0,6,4
20/9/20,4,7,5,12,16,5,33,3,7,6,2,2,1,12,0,0,12,4,29,0,0,0,6,0
21/9/20,5,9,5,16,10,3,36,1,5,13,2,2,0,7,47,0,19,4,29,0,8,0,8,3
22/9/20,5,7,5,16,16,3,34,3,12,15,2,2,0,12,23,0,31,5,43,0,17,0,9,7
23/9/20,5,47,5,16,6,5,34,2,4,13,1,2,0,13,0,0,32,5,61,0,12,0,9,0
24/9/20,5,41,5,17,20,3,35,3,8,4,1,2,0,11,12,0,21,4,43,20,11,0,8,0
25/9/20,5,33,4,14,17,6,30,1,3,8,1,2,0,12,13,0,18,4,29,0,0,0,8,3
26/9/20,5,41,4,12,10,4,38,2,8,0,1,1,1,11,28,0,13,4,30,24,12,0,7,0
27/9/20,4,35,5,13,9,8,32,3,8,0,1,1,1,11,0,0,13,4,26,0,12,0,6,12
28/9/20,4,18,4,16,19,4,29,3,6,10,2,2,0,13,0,0,16,4,29,20,7,1,8,3
29/9/20,5,24,4,15,14,4,31,2,4,10,1,2,0,11,0,0,16,4,27,21,10,0,7,0
30/9/20,4,15,4,17,14,6,36,1,4,6,2,2,0,10,13,0,15,4,24,83,3,0,9,10
1/10/20,4,15,4,15,7,3,33,2,4,0,1,2,0,12,0,0,15,4,28,0,11,0,8,4
2/10/20,4,17,4,14,8,3,26,1,5,8,1,1,0,15,0,0,17,4,21,0,13,0,7,3
3/10/20,4,14,4,13,13,3,30,1,8,0,1,2,0,9,0,0,12,3,25,0,9,0,6,0
4/10/20,4,14,4,12,4,5,21,1,1,0,1,2,0,12,0,0,12,4,25,0,10,1,6,0
5/10/20,4,10,4,15,9,4,29,0,2,2,1,1,1,12,12,0,14,3,22,0,10,0,8,0
6/10/20,4,6,5,14,9,6,29,1,9,4,0,2,1,10,12,0,14,2,24,0,4,1,8,4
7/10/20,4,9,4,16,4,3,31,1,4,6,1,1,1,12,0,0,14,3,21,0,10,0,9,0
8/10/20,4,6,4,15,13,4,27,1,1,4,1,1,0,13,0,0,13,2,26,21,13,0,8,0
9/10/20,4,6,4,14,17,2,26,0,5,10,1,2,0,15,14,0,14,2,21,0,11,0,8,0
10/10/20,4,8,4,13,7,8,31,2,0,10,1,2,0,13,0,0,11,3,24,0,0,0,6,0
11/10/20,4,5,4,12,8,4,26,2,1,15,1,1,1,21,0,0,11,3,23,0,0,0,5,0
12/10/20,4,10,4,16,14,4,25,2,5,4,1,2,0,18,0,0,14,3,31,0,8,1,7,0
13/10/20,4,7,4,16,21,4,28,1,8,2,1,2,0,14,26,0,13,3,31,44,11,0,9,11
14/10/20,4,8,4,14,17,1,26,1,4,4,1,1,0,12,0,0,13,3,26,0,0,0,7,14
15/10/20,4,7,4,12,23,4,27,2,0,11,1,2,0,15,0,0,16,4,23,44,19,0,9,0
16/10/20,4,5,4,14,18,6,23,1,3,2,1,2,1,14,26,0,15,4,21,0,8,0,7,15
17/10/20,4,9,4,12,12,2,29,2,4,10,1,1,0,13,0,0,12,4,21,0,9,0,5,5
18/10/20,3,7,4,13,20,3,30,1,7,5,1,2,0,17,0,0,11,3,23,0,4,0,5,0
19/10/20,3,7,4,15,36,5,28,3,5,2,1,1,0,11,13,0,13,4,15,0,11,0,11,4
20/10/20,5,6,4,17,33,4,32,4,1,6,1,2,1,14,26,0,14,4,19,0,19,1,10,12
21/10/20,6,4,5,13,20,5,30,2,9,14,2,2,0,20,13,3,17,3,20,0,13,0,10,4
22/10/20,6,7,5,16,13,4,29,2,10,13,2,3,0,14,40,0,16,3,21,0,5,0,9,0
23/10/20,4,7,4,15,15,6,26,2,3,4,1,2,1,14,0,0,14,3,24,0,11,0,9,0
24/10/20,3,5,4,16,16,7,24,1,2,7,1,2,0,13,0,0,10,3,20,0,0,0,5,4
25/10/20,4,4,4,12,21,4,26,1,4,11,1,2,0,13,14,0,10,3,18,0,5,0,5,0
26/10/20,5,4,4,15,18,3,30,1,5,4,1,2,0,16,0,0,12,2,18,0,14,0,8,0
27/10/20,5,5,5,18,16,4,26,3,5,6,2,2,0,9,13,0,11,3,21,0,8,0,10,8
28/10/20,5,3,4,18,23,4,27,2,3,8,1,2,0,13,0,0,12,3,16,0,16,0,8,0
29/10/20,4,4,5,16,23,6,25,2,0,13,1,2,0,9,0,0,11,3,15,0,0,1,8,3
30/10/20,4,6,4,14,17,4,27,4,0,13,1,2,1,11,13,0,12,3,15,0,13,0,9,0
31/10/20,4,3,4,15,11,2,29,1,6,0,2,2,0,16,0,0,10,3,15,0,0,0,5,0
1/11/20,6,3,4,14,16,5,28,3,0,0,0,2,0,12,0,6,8,4,18,0,0,0,6,0
2/11/20,4,5,3,12,16,1,31,2,10,4,1,2,0,19,25,0,12,3,21,0,0,0,7,7
3/11/20,4,4,4,12,17,6,26,6,2,11,1,2,0,13,0,0,11,3,23,0,6,1,7,6
4/11/20,4,3,3,12,3,6,23,3,3,6,1,1,0,7,0,0,10,3,14,0,0,0,5,0
5/11/20,4,4,4,19,9,2,23,3,5,0,2,2,0,11,68,0,10,3,20,0,12,0,7,0
6/11/20,5,4,5,39,25,2,22,2,2,3,2,3,0,11,0,0,13,3,20,43,0,0,7,0
7/11/20,4,6,4,26,17,3,26,2,4,4,2,2,1,10,0,12,9,4,16,0,7,1,5,7
8/11/20,5,3,5,19,2,4,28,1,4,12,2,2,1,13,0,6,9,4,17,0,0,0,6,0
9/11/20,5,4,4,19,21,8,26,3,6,8,1,2,1,15,0,21,13,3,21,0,12,0,9,6
10/11/20,5,7,5,20,20,5,21,4,6,3,2,2,1,12,0,6,12,3,23,0,0,0,9,6
11/11/20,5,4,5,19,8,3,23,2,6,3,2,2,1,13,0,27,11,3,19,0,6,0,9,19
12/11/20,5,3,4,17,8,4,31,3,4,15,1,2,0,15,25,6,12,3,21,0,13,1,8,0
13/11/20,5,3,5,15,4,5,34,3,4,4,2,2,0,14,26,10,11,9,21,0,7,1,8,7
14/11/20,5,5,4,10,16,7,28,2,2,4,2,2,1,10,0,6,10,10,16,0,7,1,7,0
15/11/20,5,3,4,14,13,4,28,2,9,8,1,2,1,17,0,0,10,8,21,0,7,1,8,0
16/11/20,5,5,5,16,14,4,34,4,2,0,1,3,1,15,0,10,13,9,24,0,13,0,10,0
17/11/20,6,4,6,17,25,6,30,2,6,15,1,3,1,12,0,0,19,7,22,0,6,1,10,13
18/11/20,7,5,5,18,14,7,28,4,4,12,3,3,1,14,0,6,17,6,19,0,13,1,10,0
19/11/20,5,6,6,16,10,7,28,6,2,19,2,3,1,13,25,0,16,6,19,0,19,1,10,0
20/11/20,7,4,6,18,16,4,31,6,8,20,1,3,1,12,0,0,14,4,17,0,7,2,9,0
21/11/20,9,9,8,14,2,6,28,2,4,4,2,4,2,17,28,0,11,4,19,0,21,1,5,7
22/11/20,9,5,7,13,15,4,28,8,9,12,2,3,1,11,0,0,9,4,18,0,7,1,5,0
23/11/20,8,4,7,16,18,3,30,6,2,8,2,4,2,14,51,0,14,4,18,0,13,1,8,13
24/11/20,11,4,10,20,20,7,29,5,4,15,7,6,1,22,0,0,19,13,21,0,12,0,8,0
25/11/20,8,1,8,20,8,8,39,7,8,11,5,5,1,20,0,21,18,11,18,0,0,1,10,0
26/11/20,9,3,8,18,14,7,28,6,8,12,3,5,0,20,0,6,13,6,17,0,13,1,7,6
27/11/20,7,3,6,12,14,8,28,5,14,12,2,3,1,17,0,0,14,5,17,0,0,0,9,6
28/11/20,7,4,6,13,26,7,24,4,2,17,3,3,1,9,55,0,10,5,19,0,7,1,5,0
29/11/20,7,6,6,16,20,10,33,9,2,0,3,3,1,19,0,0,10,4,19,0,7,0,6,0
30/11/20,8,3,6,19,29,6,32,4,8,8,2,4,0,16,0,10,15,4,16,0,0,1,9,0
1/12/20,8,4,7,17,13,7,33,3,6,19,1,4,1,16,49,0,15,4,19,0,12,0,9,0
2/12/20,6,2,6,17,19,6,36,2,11,0,2,3,1,14,0,0,14,5,16,0,6,1,7,0
3/12/20,8,5,6,19,17,12,29,2,6,30,3,3,1,14,50,0,14,4,21,0,0,0,7,6
4/12/20,8,4,6,17,18,8,33,2,8,4,2,3,0,10,0,0,14,5,18,0,0,0,9,0
5/12/20,7,4,6,16,22,6,32,5,4,17,1,3,1,16,0,0,11,5,18,0,7,0,5,0
6/12/20,8,5,5,13,11,7,31,2,6,17,2,3,1,14,0,0,10,4,19,0,14,0,6,7
7/12/20,6,5,6,19,22,6,36,2,4,23,3,3,1,17,25,0,15,4,21,0,0,0,6,19
8/12/20,8,5,6,16,29,3,25,3,2,11,3,3,1,14,0,0,17,7,16,0,6,1,6,0
9/12/20,7,4,7,20,18,8,39,3,8,15,2,3,2,12,0,0,17,11,21,0,25,1,7,6
10/12/20,7,8,6,17,12,6,29,4,4,23,1,3,0,14,0,0,17,10,29,44,6,1,9,0
11/12/20,5,4,6,16,10,3,27,5,6,16,1,3,0,14,0,0,15,6,18,0,19,0,8,0
12/12/20,6,6,6,15,13,4,33,1,13,4,2,3,1,17,28,0,11,6,17,0,7,0,5,0
13/12/20,6,5,6,13,22,7,30,4,9,8,1,2,0,17,28,0,11,6,18,0,7,0,6,7
14/12/20,6,4,5,17,16,8,32,2,2,3,1,2,1,13,0,0,14,5,15,0,6,0,8,6
15/12/20,6,5,6,19,18,4,30,9,4,12,2,3,1,13,0,6,14,5,18,0,13,0,8,0
16/12/20,8,3,7,22,16,9,36,4,2,12,2,5,1,20,0,0,14,4,18,0,13,1,9,0
17/12/20,11,6,8,29,28,8,31,8,12,12,3,6,1,28,25,0,14,4,19,0,6,1,7,0
18/12/20,10,3,8,24,19,6,32,10,4,12,3,6,0,17,0,0,18,4,16,0,0,1,8,0
19/12/20,8,3,8,15,16,12,38,8,4,4,2,6,0,20,0,0,13,5,16,50,15,1,5,7
20/12/20,9,7,8,14,14,9,31,8,9,13,3,5,1,18,0,6,12,7,13,0,7,0,6,15
21/12/20,9,4,7,17,18,5,33,7,8,4,3,4,1,16,0,0,18,5,16,0,0,1,8,0
22/12/20,8,3,7,22,8,6,39,10,4,8,2,5,1,13,0,0,18,4,12,0,7,0,9,0
23/12/20,9,2,8,18,19,6,33,5,2,12,3,4,1,10,0,6,17,4,17,0,7,0,10,7
24/12/20,8,3,7,18,16,2,34,10,4,27,2,5,2,12,0,0,15,5,21,0,0,1,6,0
25/12/20,10,5,7,14,15,7,31,6,0,5,3,4,1,19,0,0,12,4,16,0,0,1,5,0
26/12/20,9,3,8,17,21,9,30,6,7,9,2,4,0,25,30,0,12,6,18,0,0,0,7,0
27/12/20,10,4,9,23,30,10,20,18,4,0,5,5,1,21,0,0,12,4,19,0,7,1,6,7
28/12/20,10,3,9,23,27,3,34,10,6,16,3,5,1,19,0,0,17,4,16,0,7,1,7,13
29/12/20,11,3,10,23,21,11,37,3,8,12,3,7,1,20,27,12,16,4,14,0,20,1,7,0
30/12/20,11,2,9,22,23,14,31,12,2,21,5,5,0,24,0,0,16,4,18,0,0,1,6,0
31/12/20,9,3,7,19,27,9,29,8,4,17,2,5,0,20,0,13,17,5,14,0,0,1,5,0
1/1/21,11,6,8,20,9,6,31,16,12,24,5,5,2,22,0,0,14,6,21,0,0,2,6,0
2/1/21,14,4,13,24,7,12,34,11,2,21,7,8,0,34,28,6,13,6,20,0,14,3,6,0
3/1/21,19,6,16,27,26,18,43,18,4,26,8,10,2,41,0,0,13,5,19,0,7,1,5,0
4/1/21,18,4,13,26,34,18,36,22,4,27,5,8,1,33,25,0,17,4,19,0,13,1,9,7
5/1/21,17,6,13,28,24,15,38,13,4,69,5,8,2,26,0,0,17,5,19,0,6,1,9,0
6/1/21,18,5,15,32,28,11,31,13,12,30,5,11,2,37,0,0,18,5,21,0,13,2,8,0
7/1/21,20,3,17,40,28,20,44,19,8,32,7,18,2,35,10,3,26,47,22,0,9,2,9,3
8/1/21,19,6,17,41,38,22,35,17,10,47,5,12,2,44,23,0,35,63,18,0,0,2,7,3
9/1/21,19,9,16,27,22,24,34,23,12,38,6,8,3,41,25,3,23,36,20,17,0,1,7,0
10/1/21,19,9,17,23,15,17,30,26,4,36,6,10,1,37,14,0,19,26,20,24,0,1,6,0
11/1/21,19,4,16,31,16,21,40,13,5,37,5,9,2,34,0,5,24,20,19,0,6,1,8,0
12/1/21,16,3,12,29,22,24,31,8,10,30,4,8,1,32,45,97,25,19,19,0,6,1,9,9
13/1/21,15,6,11,31,23,20,31,11,7,16,3,6,1,25,23,100,25,19,20,0,0,1,10,6
14/1/21,14,6,13,34,28,22,39,12,6,27,4,8,6,27,23,17,24,15,24,0,15,1,9,22
15/1/21,16,3,12,26,27,27,33,12,4,42,3,6,6,30,13,20,21,13,26,0,6,1,8,13
16/1/21,16,6,13,23,13,19,37,16,10,36,4,6,2,25,0,22,17,13,21,25,0,1,6,7
17/1/21,13,2,13,20,22,24,36,9,6,40,3,6,1,29,0,15,15,12,24,0,3,1,7,0
18/1/21,12,4,12,26,18,15,35,12,4,32,2,6,1,26,0,78,16,9,21,0,8,1,10,9
19/1/21,14,4,13,28,29,16,38,14,6,15,4,6,1,23,38,67,17,9,23,0,8,1,8,3
20/1/21,13,4,12,26,11,16,36,8,5,29,3,6,2,26,65,21,18,9,23,37,6,1,10,3
21/1/21,13,2,13,28,31,15,33,9,4,14,2,5,1,26,10,16,17,8,20,0,8,1,8,0
22/1/21,13,5,12,24,19,14,36,7,7,12,4,6,1,27,46,34,17,10,22,0,0,1,10,7
23/1/21,11,6,10,19,19,17,31,10,7,15,2,5,1,26,0,12,14,10,20,0,6,1,7,4
24/1/21,12,3,11,18,28,16,39,10,4,18,3,5,1,26,14,24,14,10,24,0,0,1,6,7
25/1/21,12,3,11,23,17,14,32,13,5,12,2,5,1,24,0,8,18,8,26,15,3,1,8,3
26/1/21,11,5,10,23,24,13,34,4,5,16,3,4,1,19,0,19,18,10,21,0,3,1,10,0
27/1/21,12,5,10,25,30,16,37,6,7,18,2,4,1,19,0,33,22,14,19,0,0,1,8,3
28/1/21,16,4,15,24,30,17,41,12,8,10,5,6,2,28,13,33,28,16,20,0,0,1,9,0
29/1/21,41,3,36,32,28,27,48,13,7,12,17,22,1,57,23,17,25,25,23,0,13,1,8,10
30/1/21,28,5,24,22,47,27,53,13,6,18,8,11,0,41,11,0,18,16,22,42,0,1,6,4
31/1/21,25,4,22,20,40,28,53,12,4,22,7,10,2,34,50,12,17,13,22,0,10,1,5,4
1/2/21,23,4,20,25,24,26,47,11,4,18,8,8,1,30,10,8,19,14,19,37,14,1,8,0
2/2/21,17,5,18,28,13,19,45,11,12,18,5,8,1,28,22,22,20,13,22,0,3,1,10,9
3/2/21,18,2,19,29,26,19,60,9,5,22,3,8,1,28,45,8,18,12,21,16,6,1,9,0
4/2/21,21,4,23,30,32,15,54,17,9,22,5,8,1,33,0,14,17,19,21,22,14,1,10,0
5/2/21,25,2,24,24,24,26,59,20,5,18,6,9,1,34,26,9,17,13,21,16,0,1,8,13
6/2/21,26,6,24,23,18,23,50,27,12,24,5,8,1,21,10,3,13,14,21,0,6,1,6,3
7/2/21,27,7,24,20,29,38,52,17,5,44,8,8,1,32,45,3,12,15,22,98,13,1,7,7
8/2/21,30,4,26,35,47,34,46,20,10,19,9,12,1,41,0,2,20,19,19,0,3,1,10,6
9/2/21,34,3,29,42,34,41,49,15,11,26,10,12,1,42,0,11,19,15,21,0,6,1,9,6
10/2/21,29,6,27,34,35,31,58,16,8,14,7,10,1,42,51,6,19,14,21,0,3,1,10,0
11/2/21,29,7,28,37,42,27,50,21,15,31,8,11,2,36,58,12,18,13,21,38,12,1,11,9
12/2/21,26,5,28,38,36,37,51,19,16,40,6,10,2,31,37,9,18,13,23,0,14,1,7,10
13/2/21,28,6,29,34,36,36,53,25,13,47,7,11,2,33,0,9,14,11,21,66,3,1,6,10
14/2/21,24,1,27,30,27,28,48,30,12,36,6,10,2,39,25,12,13,11,20,49,6,1,7,17
15/2/21,23,5,25,38,47,30,54,28,6,29,4,9,1,34,23,6,14,12,20,0,3,1,9,0
16/2/21,22,4,24,47,23,40,44,18,8,10,5,8,2,37,0,22,16,9,23,16,6,1,10,6
17/2/21,21,4,23,53,45,35,45,18,13,22,6,10,1,41,32,24,17,10,16,37,6,1,9,3
18/2/21,23,4,24,51,33,39,59,15,10,27,5,11,2,47,10,13,18,11,20,0,20,1,10,0
19/2/21,25,4,28,47,39,53,69,22,12,48,6,10,2,39,10,9,18,11,22,0,21,1,11,3
20/2/21,30,4,32,38,36,43,64,23,9,43,8,12,2,53,0,9,14,12,19,42,0,2,8,7
21/2/21,27,4,30,33,23,52,70,18,7,32,6,10,2,46,0,3,14,11,22,0,0,1,8,0
22/2/21,25,3,28,44,30,41,50,19,15,31,6,10,2,36,18,13,18,10,22,14,15,1,9,12
23/2/21,26,2,29,42,42,27,41,10,11,36,5,10,2,32,0,14,25,12,29,15,6,1,10,6
24/2/21,20,5,22,38,16,26,45,10,11,33,4,8,1,31,32,10,21,11,24,0,0,1,9,0
25/2/21,17,5,19,38,44,30,39,12,6,22,4,9,2,41,0,3,19,10,22,44,9,0,11,13
26/2/21,17,5,19,34,25,32,42,8,9,27,5,8,2,40,0,20,19,8,24,0,3,1,10,0
27/2/21,16,4,22,30,13,31,39,8,8,21,5,8,2,40,0,3,14,9,20,42,0,1,8,0
28/2/21,17,5,22,25,46,26,46,9,11,22,4,7,1,40,14,3,13,8,20,24,3,1,6,0
1/3/21,16,5,19,32,19,31,38,10,15,45,4,7,1,27,0,29,16,7,17,0,3,1,9,6
2/3/21,16,6,20,34,24,29,45,5,13,26,3,7,0,26,20,81,17,7,22,0,11,1,10,19
3/3/21,16,3,19,35,27,26,43,13,6,26,3,8,1,23,35,49,16,8,21,22,6,1,11,3
4/3/21,14,5,19,32,30,29,36,10,15,24,2,6,1,33,0,13,18,10,21,0,9,1,10,9
5/3/21,13,5,16,28,18,23,38,8,8,17,3,6,1,30,0,12,22,16,22,0,6,1,10,6
6/3/21,14,4,17,22,28,29,42,18,9,14,2,5,1,29,14,9,16,12,22,25,6,1,6,7
7/3/21,14,5,19,24,25,25,57,12,8,18,2,6,1,37,14,12,14,8,22,0,7,1,8,14
8/3/21,15,3,18,29,22,17,46,15,15,28,3,7,1,29,32,16,20,8,23,0,14,1,10,3
9/3/21,16,2,22,45,19,18,56,14,12,37,4,7,2,32,12,32,22,7,27,0,14,1,12,9
10/3/21,15,5,20,38,28,30,43,17,5,25,3,7,2,33,0,23,21,7,19,0,6,1,10,3
11/3/21,14,2,20,34,31,31,50,12,3,14,4,7,3,32,23,19,19,7,20,0,3,1,10,6
12/3/21,15,12,22,34,30,25,46,11,12,29,3,6,2,33,10,19,17,7,18,22,12,1,9,0
13/3/21,16,10,27,27,23,36,41,18,6,20,3,8,2,28,0,12,13,6,20,0,3,1,7,17
14/3/21,19,6,26,28,27,41,45,14,8,31,4,8,2,36,14,3,13,7,20,0,6,1,8,7
15/3/21,20,5,25,32,21,30,46,14,8,27,4,8,2,31,28,20,16,6,18,0,12,1,11,0
16/3/21,18,5,23,34,16,34,42,12,10,17,4,8,1,26,0,7,16,7,19,19,4,1,12,0
17/3/21,17,7,23,32,15,26,40,12,14,16,5,10,2,28,13,24,16,6,22,0,3,1,11,0
18/3/21,16,2,24,34,24,27,45,18,9,18,6,12,1,26,0,35,17,6,21,16,11,1,12,3
19/3/21,14,3,21,28,11,28,43,14,4,24,5,8,2,26,0,11,15,6,23,0,18,1,11,6
20/3/21,16,5,25,24,24,33,39,12,5,36,5,7,1,32,11,18,13,6,22,0,10,1,8,7
21/3/21,15,7,24,21,21,30,41,12,8,11,4,6,1,30,25,12,13,7,24,18,0,1,8,0
22/3/21,16,4,24,31,21,27,47,9,14,24,5,6,2,29,10,22,16,6,21,0,17,1,11,9
23/3/21,15,3,20,29,19,20,37,19,15,19,3,6,0,28,0,16,15,5,19,0,9,1,11,0
24/3/21,15,2,21,34,32,27,47,12,9,25,3,6,1,28,45,19,17,7,24,22,9,1,11,3
25/3/21,17,3,21,28,15,25,53,10,10,22,5,6,1,24,32,6,16,6,24,0,12,1,11,6
26/3/21,14,6,18,28,11,21,44,14,8,22,2,6,1,24,33,11,15,6,23,23,3,1,9,7
27/3/21,16,3,23,22,23,36,48,14,8,16,5,6,2,29,12,0,13,6,26,0,4,0,8,4
28/3/21,15,2,22,19,8,25,34,13,5,32,3,6,1,32,15,9,12,5,27,0,7,1,7,0
29/3/21,14,3,22,27,15,24,47,13,18,41,5,6,1,35,0,3,15,5,24,0,8,1,9,0
30/3/21,14,4,25,29,21,24,45,15,8,35,3,6,1,29,0,3,15,6,24,0,13,0,9,7
31/3/21,15,2,23,31,32,21,53,8,11,53,4,6,2,34,10,19,15,6,21,0,0,1,12,0
1/4/21,16,6,24,28,32,22,51,17,9,35,3,7,1,30,0,3,16,8,23,0,10,1,8,0
2/4/21,18,5,28,24,20,23,46,27,8,32,5,8,1,31,11,3,15,6,24,0,0,1,8,7
3/4/21,19,5,28,20,22,34,46,22,9,49,5,8,2,31,0,6,12,6,25,0,0,1,6,11
4/4/21,18,3,28,23,23,25,46,18,12,23,5,6,1,34,0,10,13,6,23,0,4,1,7,22
5/4/21,20,2,29,27,28,27,43,26,26,39,6,8,0,33,0,8,16,5,21,0,3,0,9,23
6/4/21,21,4,29,29,50,27,44,21,12,34,5,10,1,33,0,8,15,6,20,0,3,1,9,55
7/4/21,20,4,26,31,39,28,39,20,15,41,6,10,1,37,25,10,14,6,23,0,8,1,9,37
8/4/21,17,5,27,31,22,22,47,12,8,34,5,10,1,25,23,8,14,5,23,0,6,1,11,22
9/4/21,17,3,26,30,40,21,44,20,13,28,5,8,2,31,0,8,14,6,23,0,11,1,10,16
10/4/21,20,1,29,23,27,25,42,20,8,26,5,10,1,29,25,9,12,7,20,17,0,1,8,17
11/4/21,22,3,31,23,35,33,53,23,9,45,5,11,2,29,11,24,11,8,20,17,0,1,9,18
12/4/21,20,5,28,32,37,23,44,23,10,22,3,14,2,26,10,83,14,7,21,0,6,1,11,22
13/4/21,24,6,33,36,42,28,49,37,15,28,5,30,1,34,0,73,15,7,23,37,3,2,12,19
14/4/21,33,5,36,40,30,28,45,27,13,24,6,100,1,35,0,98,15,8,21,0,18,2,11,22
15/4/21,33,4,37,38,40,35,49,20,9,24,6,48,3,44,32,52,14,8,26,0,0,2,10,19
16/4/21,52,4,55,33,37,28,47,25,9,34,9,33,2,50,10,22,15,16,25,38,9,1,11,13
17/4/21,47,3,52,31,40,43,48,34,14,50,9,21,1,30,0,24,12,12,22,0,0,1,8,14
18/4/21,44,7,62,27,32,49,51,17,9,100,6,19,2,38,66,37,12,9,21,0,6,1,7,7
19/4/21,41,10,53,38,32,36,41,23,9,42,7,20,2,38,19,56,20,10,21,61,16,1,11,25
20/4/21,39,6,57,33,54,50,43,19,8,12,8,18,1,45,19,38,17,9,26,0,5,1,11,12
21/4/21,31,7,49,38,41,39,42,21,9,51,4,16,1,34,78,22,16,8,29,31,11,1,10,0
22/4/21,30,5,45,34,35,38,44,21,11,21,6,14,2,40,59,16,15,7,33,0,5,1,9,6
23/4/21,35,5,51,35,39,36,43,23,3,30,5,13,1,47,0,45,15,10,36,0,5,2,8,0
24/4/21,28,5,38,26,35,40,43,24,9,57,5,9,2,43,22,6,13,10,36,0,6,1,7,0
25/4/21,26,4,36,21,15,48,43,21,16,28,4,9,1,38,22,0,13,10,32,0,12,1,8,14
26/4/21,24,3,35,28,23,33,47,17,14,25,3,10,1,36,19,6,19,8,30,0,10,1,9,6
27/4/21,26,7,38,35,40,47,50,16,11,37,6,11,1,42,19,6,18,8,28,0,5,1,9,0
28/4/21,25,5,36,31,21,49,48,15,9,25,5,11,3,28,58,10,15,12,26,0,11,1,11,0
29/4/21,25,4,34,30,23,45,41,17,14,25,5,10,1,30,19,10,15,7,25,0,10,1,9,12
30/4/21,22,3,36,33,27,34,41,17,12,29,5,10,2,35,0,0,14,8,29,31,0,1,8,6
1/5/21,28,2,38,29,23,50,44,18,12,28,4,10,3,36,22,0,12,10,26,34,0,1,7,7
2/5/21,31,8,38,26,30,50,56,24,9,47,5,10,3,30,22,13,11,14,25,0,6,1,6,14
3/5/21,31,3,44,28,37,49,51,19,8,38,7,13,13,37,20,12,14,11,22,31,5,1,8,13
4/5/21,44,8,50,35,28,51,56,33,3,41,6,15,14,38,19,0,14,14,21,0,5,1,9,6
5/5/21,54,6,62,35,25,44,51,31,18,41,7,19,12,35,38,44,13,15,23,0,0,1,10,12
6/5/21,46,3,60,36,42,61,59,31,20,59,5,19,7,32,19,34,13,14,26,31,5,1,9,19
7/5/21,45,5,57,35,42,58,52,32,22,39,7,17,3,34,40,41,13,23,22,0,11,1,9,13
8/5/21,53,5,67,32,52,73,56,34,14,57,6,17,6,40,44,13,13,44,26,34,12,1,9,14
9/5/21,56,4,74,32,31,43,56,32,11,44,5,17,6,59,0,13,13,100,30,0,0,1,9,21
10/5/21,56,2,72,38,43,76,67,24,16,30,6,20,12,52,40,34,16,36,32,0,22,1,9,7
11/5/21,51,3,72,34,27,65,62,31,15,46,6,19,14,32,0,6,17,21,26,0,16,2,12,0
12/5/21,48,3,68,32,29,76,62,33,20,42,6,17,51,41,0,12,17,16,30,0,11,1,13,0
13/5/21,60,3,69,39,56,100,61,24,21,26,5,17,100,33,0,17,22,29,27,0,6,1,11,7
14/5/21,48,5,59,33,41,56,65,19,15,50,5,19,45,46,63,12,18,22,27,0,0,1,8,7
15/5/21,49,3,58,32,26,66,63,26,37,38,5,14,20,40,0,6,14,16,23,0,6,1,7,7
16/5/21,45,5,59,29,28,64,48,21,19,52,4,13,15,38,0,19,13,18,18,34,0,2,6,14
17/5/21,44,5,54,29,36,56,56,19,8,37,3,13,30,40,0,6,16,19,21,30,16,1,9,0
18/5/21,38,3,50,33,31,45,62,32,20,33,4,12,14,34,0,0,16,13,26,60,11,1,9,13
19/5/21,82,5,100,38,25,56,54,16,18,33,5,21,9,41,39,12,18,19,28,30,5,2,8,31
20/5/21,56,10,64,33,44,33,50,16,13,56,3,15,9,43,20,17,17,16,24,31,5,2,10,0
21/5/21,43,16,48,30,37,51,43,11,6,56,4,12,10,35,100,6,16,11,20,0,5,1,6,26
22/5/21,40,8,43,20,48,56,63,16,14,53,2,9,6,30,45,0,13,12,25,0,6,1,7,0
23/5/21,49,6,57,24,26,43,85,22,11,33,3,10,8,44,44,0,13,12,30,0,0,2,6,0
24/5/21,35,4,44,29,43,42,61,13,8,56,3,12,5,31,20,6,14,11,25,0,11,2,9,7
25/5/21,32,2,36,28,20,50,60,14,16,21,3,11,6,35,20,0,15,10,22,31,11,1,10,7
26/5/21,29,3,39,30,32,38,55,12,12,50,2,10,6,30,19,6,14,8,22,0,5,1,9,0
27/5/21,25,5,33,30,33,46,44,14,5,47,4,9,4,28,79,6,15,7,22,0,16,1,8,0
28/5/21,29,4,34,28,16,48,48,12,19,49,3,8,3,30,21,0,14,7,27,0,0,1,7,7
29/5/21,28,8,32,23,27,53,46,8,16,39,2,7,3,26,0,0,12,8,21,0,6,1,6,0
30/5/21,26,4,31,22,18,54,38,9,9,34,2,6,4,30,0,7,13,7,23,36,6,2,7,0
31/5/21,22,6,27,26,14,36,47,9,8,21,2,6,4,22,0,0,12,6,19,0,5,1,9,7
1/6/21,25,5,28,24,27,29,48,7,8,34,3,8,2,23,19,6,13,6,22,0,11,1,9,6
2/6/21,23,3,30,30,31,37,44,9,11,75,2,11,2,25,0,12,14,7,22,0,5,1,9,6
3/6/21,24,7,30,30,30,29,52,10,9,26,2,13,3,28,0,6,15,7,27,0,5,1,10,0
4/6/21,23,7,27,26,28,37,45,8,8,35,3,9,8,20,0,0,14,13,18,0,11,1,9,7
5/6/21,23,3,31,22,25,34,45,7,9,34,2,7,10,29,0,0,12,12,25,0,0,1,5,0
6/6/21,23,3,26,26,34,36,38,8,9,39,1,6,6,25,0,7,13,14,25,0,12,1,7,0
7/6/21,23,3,28,26,46,27,45,10,6,29,1,6,6,20,0,10,14,10,25,30,0,1,9,6
8/6/21,25,5,32,24,25,36,42,7,8,30,2,7,5,27,20,0,14,8,24,0,16,1,9,0
9/6/21,21,5,25,29,27,34,47,5,11,13,2,7,5,28,20,17,13,7,21,31,5,1,7,0
10/6/21,20,5,22,26,23,27,45,9,5,34,2,7,4,24,20,6,13,6,22,31,11,1,10,7
11/6/21,17,2,22,23,22,27,47,9,19,26,2,6,2,20,0,12,16,6,25,0,11,1,8,7
12/6/21,20,6,23,14,17,32,46,5,11,53,1,5,3,25,45,6,13,5,42,0,6,1,6,14
13/6/21,19,7,20,21,17,22,43,8,9,14,2,5,4,31,22,6,13,8,44,0,6,1,4,7
14/6/21,18,7,22,25,23,39,46,8,8,29,2,6,3,23,59,12,14,8,29,0,16,1,8,0
15/6/21,18,5,23,23,25,20,46,4,6,25,2,7,2,22,39,6,14,6,32,0,11,1,8,13
16/6/21,16,9,23,25,19,17,49,5,9,25,2,9,2,21,59,0,13,6,28,0,5,0,8,6
17/6/21,16,6,22,22,8,30,56,11,9,43,2,9,2,25,0,17,13,5,23,0,16,1,8,0
18/6/21,18,6,23,22,12,25,54,7,5,44,1,7,2,29,0,0,13,5,22,0,6,0,10,0
19/6/21,20,9,21,15,15,37,49,6,4,48,1,5,2,19,0,13,12,5,27,35,12,0,5,0
20/6/21,19,4,22,17,13,35,40,2,14,34,1,5,2,22,45,0,12,6,28,0,0,1,5,0
21/6/21,23,11,28,22,13,22,34,3,5,17,2,6,3,18,20,0,13,5,22,0,11,1,9,6
22/6/21,25,10,31,22,25,34,36,4,12,13,2,7,2,21,20,6,12,5,19,0,11,1,7,19
23/6/21,19,7,20,21,31,23,34,3,6,38,1,6,2,25,0,16,12,4,26,0,0,1,8,0
24/6/21,19,10,20,24,12,31,41,8,8,35,2,6,2,30,0,29,15,5,24,0,6,0,8,0
25/6/21,16,7,20,25,35,29,38,7,5,45,2,5,2,25,21,30,15,7,18,0,0,1,10,0
26/6/21,17,5,19,17,38,17,33,7,0,39,1,5,2,18,46,13,13,6,32,36,0,1,6,14
27/6/21,16,4,19,17,16,31,37,7,11,14,2,5,3,28,0,13,12,7,27,0,0,0,6,7
28/6/21,16,5,18,20,21,25,29,5,8,26,2,6,2,26,0,0,13,8,22,0,11,1,9,0
29/6/21,15,6,20,19,14,24,36,5,3,30,1,6,2,27,0,0,13,6,19,31,0,0,8,7
30/6/21,15,6,19,24,10,27,34,4,8,39,1,6,2,23,0,0,13,5,20,63,6,1,8,7
1/7/21,15,5,17,26,12,28,32,5,11,8,2,6,2,21,0,0,13,6,20,0,5,1,8,0
2/7/21,13,3,16,23,16,15,43,4,10,27,1,4,1,14,0,12,14,6,20,0,0,1,7,13
3/7/21,13,5,16,16,9,27,30,7,4,10,0,5,1,22,23,0,12,6,24,0,0,1,5,0
4/7/21,16,5,19,17,20,36,38,6,9,15,3,4,2,25,0,0,12,6,20,0,6,1,7,0
5/7/21,14,5,17,22,15,24,54,5,3,27,1,4,1,21,41,12,12,5,26,0,6,0,9,0
6/7/21,11,7,18,22,14,28,54,4,8,39,2,5,1,19,20,0,13,5,25,31,11,0,7,19
7/7/21,11,5,17,20,20,27,60,7,9,21,1,5,1,24,0,6,13,5,25,0,5,0,7,7
8/7/21,12,4,16,22,10,25,61,4,10,31,1,5,1,18,20,0,13,5,26,0,11,0,6,0
9/7/21,13,4,15,20,17,15,61,1,7,14,1,4,1,16,21,0,14,6,29,0,11,1,7,7
10/7/21,13,4,16,19,11,19,74,3,2,20,1,4,1,19,0,13,14,6,32,0,6,0,6,15
11/7/21,11,10,15,14,24,25,65,8,7,24,1,4,1,21,22,6,13,7,36,0,0,0,5,7
12/7/21,12,5,16,23,10,35,69,8,11,31,2,4,2,17,20,0,14,6,18,0,6,0,9,0
13/7/21,13,6,17,20,22,17,83,4,10,35,1,4,2,16,60,12,13,6,27,0,6,1,9,0
14/7/21,13,5,17,20,20,29,97,5,8,26,1,4,1,21,0,0,13,5,26,0,22,0,7,0
15/7/21,13,3,16,19,26,21,100,6,10,48,1,5,2,26,20,12,14,6,21,0,0,0,8,0
16/7/21,11,5,15,20,27,20,92,2,13,31,1,4,3,22,21,0,14,6,28,0,0,1,8,7
17/7/21,11,3,15,15,22,16,75,5,4,35,1,3,1,20,46,7,14,6,20,0,0,0,6,15
18/7/21,12,1,15,14,25,27,78,10,6,15,1,3,1,22,47,0,13,7,25,0,6,1,6,0
19/7/21,11,4,15,18,18,17,74,4,15,40,1,4,4,18,20,17,13,5,21,64,0,0,9,20
20/7/21,13,6,19,19,10,22,67,1,12,81,1,4,2,24,42,6,13,9,27,0,0,1,6,0
21/7/21,11,5,16,22,33,20,62,1,7,27,1,4,3,25,21,0,13,11,24,0,6,1,9,0
22/7/21,11,6,15,20,25,20,54,3,8,13,1,5,3,17,0,12,14,7,30,0,22,0,9,0
23/7/21,11,4,16,19,48,19,51,3,12,36,2,4,3,17,0,0,13,6,20,0,6,0,7,7
24/7/21,11,3,17,15,23,30,61,0,7,25,1,4,2,20,0,13,13,7,28,0,0,1,6,8
25/7/21,12,8,17,15,34,21,61,3,7,34,1,4,2,19,23,0,13,6,21,36,0,1,5,7
26/7/21,17,4,24,24,20,21,73,3,6,26,1,6,3,19,20,29,17,6,25,63,6,0,7,0
27/7/21,11,16,18,19,20,15,61,6,5,22,2,5,1,17,20,17,16,5,18,32,0,0,8,7
28/7/21,11,13,18,25,34,19,53,6,5,43,2,5,2,22,0,23,14,5,23,0,0,1,8,0
29/7/21,12,7,17,21,24,16,59,2,8,13,2,5,1,16,0,29,14,4,21,0,6,1,8,0
30/7/21,11,5,18,20,28,10,54,1,10,44,1,5,1,16,21,58,13,5,22,0,6,1,9,7
31/7/21,13,3,19,15,16,24,55,5,5,5,1,4,1,29,23,0,12,5,23,0,0,0,6,0
1/8/21,13,7,18,16,11,41,52,3,7,14,1,4,2,18,22,6,12,5,25,35,0,1,5,0
2/8/21,11,7,17,20,39,20,44,3,11,21,1,4,2,17,0,6,13,4,21,0,0,1,8,0
3/8/21,11,7,17,20,14,28,46,4,11,13,2,5,1,20,20,29,14,5,19,0,11,1,8,0
4/8/21,11,7,17,26,24,18,42,9,15,26,1,4,2,15,41,52,13,5,20,0,11,1,8,0
5/8/21,19,5,22,20,24,21,48,4,8,26,1,4,1,23,40,86,13,5,25,0,0,1,8,0
6/8/21,11,4,20,23,21,26,46,7,5,27,2,5,2,20,0,55,13,5,23,0,6,1,6,0
7/8/21,16,10,23,17,18,22,51,10,11,34,2,5,2,18,0,33,11,6,23,0,0,1,5,0
8/8/21,16,4,24,17,21,31,45,7,11,30,1,4,1,13,46,7,12,6,25,36,6,1,6,0
9/8/21,15,9,23,24,24,19,54,7,14,44,1,7,3,22,0,12,13,6,21,0,6,0,8,0
10/8/21,11,8,22,23,22,16,56,5,13,22,2,7,2,15,41,17,13,5,18,0,11,1,7,0
11/8/21,16,6,28,24,20,29,55,9,24,22,2,9,3,21,0,23,13,6,20,0,11,0,8,0
12/8/21,17,10,24,22,14,34,50,9,11,26,1,7,2,21,0,6,13,5,20,0,6,1,8,0
13/8/21,15,10,24,20,21,25,51,8,33,31,2,7,3,18,0,17,13,6,26,0,0,0,6,0
14/8/21,16,12,22,16,20,27,41,8,29,24,2,6,1,24,0,20,11,6,22,0,6,1,5,0
15/8/21,18,9,24,15,36,27,37,9,13,20,2,6,2,33,23,7,11,5,24,0,0,0,6,0
16/8/21,16,8,24,22,12,22,51,12,16,17,2,6,2,19,0,12,13,5,21,0,11,0,8,13
17/8/21,15,11,24,24,26,40,55,8,14,26,2,6,2,27,0,17,14,4,25,0,0,1,8,0
18/8/21,14,10,22,24,26,20,54,12,18,31,2,6,3,19,0,17,14,5,24,32,6,0,9,13
19/8/21,14,12,22,24,18,26,60,8,18,44,3,6,3,21,0,23,14,5,17,32,6,0,9,0
20/8/21,14,8,28,23,14,28,47,14,31,39,1,7,4,30,20,12,19,6,20,0,6,0,8,0
21/8/21,16,9,25,17,20,30,51,15,11,15,1,7,3,21,22,7,16,6,26,0,0,1,6,0
22/8/21,15,7,26,20,16,39,43,9,13,54,2,5,2,29,0,7,14,6,25,0,6,1,6,0
23/8/21,18,6,29,25,19,30,51,8,32,19,2,8,3,19,0,13,15,5,23,0,12,0,8,0
24/8/21,16,9,29,27,15,39,54,9,12,26,2,10,2,13,0,8,17,6,29,0,0,1,6,10
25/8/21,17,6,26,24,16,25,57,7,16,48,2,7,2,28,20,17,14,4,20,32,6,1,8,0
26/8/21,13,7,23,22,28,23,48,8,24,13,1,6,2,35,0,6,14,4,23,31,22,1,8,0
27/8/21,14,8,23,24,30,28,54,16,15,44,1,6,1,29,0,6,13,4,32,0,6,1,6,0
28/8/21,14,6,24,15,37,33,40,7,7,19,1,6,2,28,0,0,12,4,22,0,0,0,6,0
29/8/21,13,8,26,19,27,33,45,8,18,10,1,5,1,23,23,13,12,5,34,0,18,1,6,0
30/8/21,12,5,25,24,18,32,48,6,14,26,2,6,1,17,0,6,13,4,18,0,0,1,8,0
31/8/21,15,13,25,22,31,30,54,10,15,9,1,6,2,16,0,17,13,4,21,0,6,0,9,0
1/9/21,16,6,25,24,19,30,51,7,15,14,2,7,2,22,21,6,12,4,18,33,0,0,6,0
2/9/21,16,9,27,25,27,34,54,11,22,37,1,7,5,26,21,19,12,4,21,0,17,0,9,14
3/9/21,17,4,26,27,31,33,52,15,14,14,3,8,4,20,44,19,12,4,22,0,0,0,7,0
4/9/21,16,6,28,17,20,28,53,10,20,38,1,6,2,25,25,0,12,4,23,0,7,1,6,0
5/9/21,16,6,29,18,7,30,56,14,24,16,1,6,3,23,0,7,12,4,27,0,0,0,7,0
6/9/21,14,3,29,20,15,26,51,20,17,28,1,6,3,34,0,6,11,4,22,69,0,0,7,0
7/9/21,22,4,43,27,26,27,55,10,27,19,2,9,2,25,0,0,13,4,24,0,12,1,9,0
8/9/21,16,6,31,24,15,24,57,3,27,28,1,8,1,25,0,24,13,4,25,100,12,1,10,7
9/9/21,16,6,28,24,15,30,43,14,26,9,2,9,2,19,0,13,12,4,22,0,6,0,11,0
10/9/21,15,9,29,24,18,21,46,10,23,29,2,8,1,20,23,7,13,4,26,0,0,0,8,0
11/9/21,13,6,25,16,19,25,44,2,37,11,1,6,2,22,73,7,12,4,25,0,0,0,7,0
12/9/21,14,9,25,16,17,26,49,11,100,10,1,6,3,23,0,0,12,4,18,0,13,0,7,0
13/9/21,14,4,25,21,19,30,40,8,42,27,2,5,4,19,21,0,12,4,26,33,0,0,8,7
14/9/21,12,5,23,22,25,27,52,5,23,36,1,5,2,22,0,77,12,4,27,0,6,1,10,0
15/9/21,12,5,24,30,18,28,51,2,23,13,2,6,1,22,0,90,12,5,30,0,6,1,8,7
16/9/21,14,7,24,26,20,26,53,4,17,23,1,7,3,21,0,0,13,6,26,68,6,1,8,0
17/9/21,13,4,24,24,22,26,53,12,18,33,2,6,1,31,22,26,12,6,22,0,18,0,8,7
18/9/21,12,4,22,17,22,31,53,10,27,16,2,5,2,39,0,0,12,6,30,0,13,0,5,0
19/9/21,13,8,23,18,14,18,43,3,13,36,2,5,2,18,24,7,13,6,25,0,13,1,6,8
20/9/21,16,10,28,21,10,15,50,5,13,9,1,6,2,30,0,6,12,5,20,66,0,1,7,0
21/9/21,16,3,27,25,27,36,41,7,8,41,1,6,2,25,21,60,12,4,19,0,6,0,9,7
22/9/21,11,2,24,27,21,25,39,8,2,41,1,6,1,29,0,78,12,4,19,0,17,1,9,0
23/9/21,13,6,22,27,25,33,39,4,14,18,2,5,1,18,0,6,12,3,18,33,6,1,9,0
24/9/21,18,4,27,25,37,26,37,2,5,61,1,5,2,19,0,24,13,14,20,0,0,0,8,14
25/9/21,16,5,21,19,21,31,36,5,4,31,0,4,1,27,0,14,12,18,25,0,19,0,5,8
26/9/21,15,3,20,19,18,20,37,10,6,31,1,4,2,25,0,14,11,10,22,0,13,1,6,15
27/9/21,14,4,21,20,18,25,49,5,12,45,1,4,2,15,21,6,13,7,22,0,11,1,8,0
28/9/21,13,6,20,21,34,29,44,6,10,52,1,5,2,22,20,20,13,6,22,15,16,0,8,4
29/9/21,12,7,19,23,28,26,42,6,8,46,1,5,2,18,32,9,12,6,22,30,14,0,8,3
30/9/21,12,5,20,22,28,26,44,5,15,36,1,5,2,22,43,24,13,7,22,16,22,0,8,3